-- MySQL dump 10.13  Distrib 8.0.26, for Win64 (x86_64)
--
-- Host: 127.0.0.1    Database: trab_2
-- ------------------------------------------------------
-- Server version	8.0.26

/*!40101 SET @OLD_CHARACTER_SET_CLIENT=@@CHARACTER_SET_CLIENT */;
/*!40101 SET @OLD_CHARACTER_SET_RESULTS=@@CHARACTER_SET_RESULTS */;
/*!40101 SET @OLD_COLLATION_CONNECTION=@@COLLATION_CONNECTION */;
/*!50503 SET NAMES utf8 */;
/*!40103 SET @OLD_TIME_ZONE=@@TIME_ZONE */;
/*!40103 SET TIME_ZONE='+00:00' */;
/*!40014 SET @OLD_UNIQUE_CHECKS=@@UNIQUE_CHECKS, UNIQUE_CHECKS=0 */;
/*!40014 SET @OLD_FOREIGN_KEY_CHECKS=@@FOREIGN_KEY_CHECKS, FOREIGN_KEY_CHECKS=0 */;
/*!40101 SET @OLD_SQL_MODE=@@SQL_MODE, SQL_MODE='NO_AUTO_VALUE_ON_ZERO' */;
/*!40111 SET @OLD_SQL_NOTES=@@SQL_NOTES, SQL_NOTES=0 */;

--
-- Table structure for table `cliente`
--

DROP TABLE IF EXISTS `cliente`;
/*!40101 SET @saved_cs_client     = @@character_set_client */;
/*!50503 SET character_set_client = utf8mb4 */;
CREATE TABLE `cliente` (
  `id` int NOT NULL,
  `primeiro_nome` varchar(100) NOT NULL,
  `sobrenome` varchar(100) NOT NULL,
  `cpf` char(11) DEFAULT NULL,
  `rua` varchar(100) NOT NULL,
  `numero` varchar(10) NOT NULL,
  `bairro` varchar(100) NOT NULL,
  `cep` char(8) NOT NULL,
  `cidade` varchar(100) NOT NULL,
  `estado` varchar(100) NOT NULL,
  PRIMARY KEY (`id`)
) ENGINE=InnoDB DEFAULT CHARSET=utf8mb4 COLLATE=utf8mb4_0900_ai_ci;
/*!40101 SET character_set_client = @saved_cs_client */;

--
-- Dumping data for table `cliente`
--

LOCK TABLES `cliente` WRITE;
/*!40000 ALTER TABLE `cliente` DISABLE KEYS */;
INSERT INTO `cliente` VALUES (1,'Noëlla','Senecaux','49269999678','Express','3239','Bigleaf Paspalum','08382861','New York City','New York'),(2,'Yú','Clowney','17557198488','Randy','2820','Parry\'s Aster','43156702','Washington','District of Columbia'),(3,'Pénélope','Soppit','96930085641','Cherokee','4865','St. Anthony\'s Turnip','44667512','San Diego','California'),(4,'Mahélie','Doak','80931783519','Carioca','4048','Green And Gold','80170845','El Paso','Texas'),(5,'Styrbjörn','Beeke','63333607481','Golf View','3539','Dahlia Hedgehog Cactus','26000945','Phoenix','Arizona'),(6,'Aí','Kiehnlt','31763193628','Scott','1652','Mogollon Mountain Draba','19280298','Roanoke','Virginia'),(7,'Publicité','Vernazza','36442133194','Hanover','2341','Sundial Lupine','88163899','Dallas','Texas'),(8,'Anaël','Runcieman','99985547647','Buhler','3171','San Gabriel Bedstraw','11400841','Houston','Texas'),(9,'Marie-thérèse','Houtbie','09243749834','Milwaukee','2819','Balloon-flower','35719681','Indianapolis','Indiana'),(10,'Desirée','Drewery','09919593447','Little Fleur','673','False Daisy','54932339','New York City','New York'),(11,'Maï','Aujean','70090755187','Petterle','228','Branched Blackberry','52548558','Saint Louis','Missouri'),(12,'Crééz','Bentinck','06823895721','Moose','132','Tall Silverbush','88018392','Washington','District of Columbia'),(13,'Yú','Matchitt','53702069887','Westport','19','Dwarf Alpine Hawksbeard','18277652','El Paso','Texas'),(14,'Åke','Fallows','50970338346','Carpenter','239','Sudetic Lousewort','83466544','Peoria','Illinois'),(15,'Cléopatre','Huxley','81719043093','Carioca','4906','Florida Jointweed','79527406','Buffalo','New York'),(16,'Kuí','Troake','48580860208','Buell','2531','Roundleaf Chastetree','22501500','Minneapolis','Minnesota'),(17,'Mélissandre','Kopelman','29202069428','Becker','3962','Candytuft','31579399','Chicago','Illinois'),(18,'Loïc','McSkin','26998934875','Vidon','4846','Arctoparmelia Lichen','00038952','Akron','Ohio'),(19,'Yóu','Brahmer','78229670552','Gerald','1917','Hairy Gumweed','19603205','Huntsville','Alabama'),(20,'Mélinda','Cantwell','63606964086','Grasskamp','3191','Twospike Crabgrass','36151068','El Paso','Texas'),(21,'Irène','Bayly','57994324707','Oakridge','3617','Grassleaf Roseling','95896139','Waco','Texas'),(22,'Maïly','Duggan','39004589045','Debs','1852','Swamp Sawgrass','79591471','San Diego','California'),(23,'Styrbjörn','Stoddart','07541551020','Sycamore','2994','Castilla','67562739','Temple','Texas'),(24,'Åslög','Bickford','39468465158','Tony','3745','Scarlet Gilia','05453485','Tampa','Florida'),(25,'Anaé','Regglar','13763424673','Maple Wood','3636','Ottelia','12078487','Jacksonville','Florida'),(26,'Pål','Mobley','89194061864','Reindahl','1214','Burrobush','55600560','San Diego','California'),(27,'Dù','Joscelyn','31838132875','Lotheville','4356','Sandwort Cetraria Lichen','75613256','Brea','California'),(28,'Publicité','Kubis','50273225083','Eastwood','1775','Mildred\'s Clarkia','09362913','Raleigh','North Carolina'),(29,'Danièle','Huzzey','59863120745','Crowley','571','Cutleaf Meadowparsnip','24833260','Young America','Minnesota'),(30,'Véronique','Cordobes','05772191506','Kedzie','3380','Spotted Beebalm','25563665','Reston','Virginia'),(31,'Inès','Hurn','19871697497','Waywood','525','Catalina Ironwood','47985658','Cleveland','Ohio'),(32,'Dà','Kee','03471064537','West','4970','Leiberg\'s Panicum','99655603','Birmingham','Alabama'),(33,'Adélaïde','Bere','47452952916','Cottonwood','233','Betonyleaf Noseburn','47132272','Milwaukee','Wisconsin'),(34,'Maïwenn','Ellesworth','30848470571','Ronald Regan','1648','Silverhair Pineapplegrass','93789519','Charlotte','North Carolina'),(35,'Célia','Tixall','84988197400','Red Cloud','887','Hyophila Moss','78712142','Chattanooga','Tennessee'),(36,'Gösta','Lucia','81597309122','Mitchell','1989','Western Cliff Fern','67828890','Memphis','Tennessee'),(37,'Intéressant','Tesche','01894414218','Clemons','2272','Farewell To Spring','29405159','Corpus Christi','Texas'),(38,'Maëlys','Edden','25212133390','Express','3294','Silky Lupine','52578350','New York City','New York'),(39,'Cécile','Farrand','64646537799','Debs','1194','Oklahoma Monkeyflower','29758663','New Bedford','Massachusetts'),(40,'Marie-thérèse','Fabb','35098809028','Anderson','2453','Sphagnum','24885233','Salt Lake City','Utah'),(41,'Thérèse','Cridlan','79041227515','Derek','3622','Snow Raspberry','29192087','Miami','Florida'),(42,'Lauréna','Tither','53930951919','Garrison','1316','Branched Blackberry','43683865','Waltham','Massachusetts'),(43,'Mégane','Lumsdale','80548703087','Roth','4630','Coastal Dwarf Mistletoe','63916489','Jacksonville','Florida'),(44,'Maïté','Witten','03045974914','Springview','2582','Dot Lichen','23234170','Springfield','Illinois'),(45,'Mélia','Mitchard','21061592628','Stone Corner','4666','Box Pussytoes','18942909','Milwaukee','Wisconsin'),(46,'Pò','Girardot','89068017187','Merry','3589','Spike Fescue','77562055','Portland','Oregon'),(47,'Thérèsa','Bligh','45502690786','Truax','1172','Eaton\'s Fleabane','00431123','Salt Lake City','Utah'),(48,'Ruò','Shurrocks','22891736018','Atwood','3932','Miniature Lupine','66791452','Crawfordsville','Indiana'),(49,'Naéva','Gamage','76610363586','Hayes','1261','Mountain Tansymustard','25836411','Brooklyn','New York'),(50,'Pò','Braunton','80743390445','Mccormick','1873','Brachythecium Moss','18101101','Greensboro','North Carolina'),(51,'Simplifiés','Elsdon','87453073279','Crescent Oaks','4867','Broadleaf Lupine','72120917','New Orleans','Louisiana'),(52,'Clémence','Bradnam','12952593863','Anzinger','3043','Stemless Four-nerve Daisy','76441727','Topeka','Kansas'),(53,'Hélèna','Cottem','37803464434','Crescent Oaks','1090','Peirson\'s Milkvetch','80116855','Phoenix','Arizona'),(54,'Marie-thérèse','Cavendish','57020241399','Gina','4060','Soft Popcornflower','46786379','Newark','Delaware'),(55,'Audréanne','Unitt','33707937666','Barby','1330','Sand Springbeauty','10516145','Atlanta','Georgia'),(56,'Ophélie','Schuler','23424004786','Sycamore','2240','Bolander\'s Knotweed','93483379','Santa Monica','California'),(57,'Lyséa','Vignaux','48219423067','Bonner','2799','Northern Long Sedge','04499258','Harrisburg','Pennsylvania'),(58,'Märta','Grishechkin','87738364036','Beilfuss','1503','Greene\'s Rabbitbrush','16744904','Greensboro','North Carolina'),(59,'Noémie','Jerisch','24943642263','Everett','650','Little Floating Bladderwort','43872558','Oklahoma City','Oklahoma'),(60,'Néhémie','Meaddowcroft','62927612328','Mcguire','1344','Alpinia','49522118','Torrance','California'),(61,'Anaïs','Hinsch','39029950364','Merry','3877','Winged Elm','08748369','Charleston','West Virginia'),(62,'Anaëlle','Rawll','61792166068','Alpine','1091','Arkansas Mannagrass','05790838','Austin','Texas'),(63,'Intéressant','Haggarth','87679389979','Sunbrook','287','Pinewoods Drymary','16815182','Minneapolis','Minnesota'),(64,'Cléa','Hovee','94083811880','Michigan','538','Shrubland Beggarticks','84693822','Orlando','Florida'),(65,'Måns','Lamdin','25646637767','Bluejay','944','Sweet After Death','79892491','Sacramento','California'),(66,'Almérinda','Bramich','26177267800','Vera','1510','Rim Lichen','27023769','Minneapolis','Minnesota'),(67,'Magdalène','O\' Sullivan','92319829139','Waxwing','985','Arizona Spikenard','94538334','San Francisco','California'),(68,'Eléonore','Abdee','41415831154','Kensington','153','California Xanthoparmelia Lichen','39461822','Brooklyn','New York'),(69,'Ráo','Volette','46222485442','Melrose','897','Lichenostigma Lichen','83433993','Birmingham','Alabama'),(70,'Béatrice','Goshawk','36727991660','Leroy','1004','Kangaroo Grass','67778024','Buffalo','New York'),(71,'Adélaïde','Shekle','08853607245','Steensland','1033','Cooper\'s Popcornflower','84442265','Wichita','Kansas'),(72,'Léandre','Nellen','98656384027','Rutledge','2629','Lanceleaf Buckthorn','96683349','Fort Worth','Texas'),(73,'Séverine','Dyble','00322948979','Holmberg','449','Yellow Birch','17884066','Austin','Texas'),(74,'Josée','Tidball','00456260923','Northland','2046','Yellow Crocus','98062463','Charlotte','North Carolina'),(75,'Erwéi','Seiler','57355872276','Forest Dale','1814','Tansy Pepperweed','73602439','Sterling','Virginia'),(76,'Dù','Gehrts','59703001394','Carioca','4225','Tarweed','00325126','Washington','District of Columbia'),(77,'Nuó','Pawling','84932719147','Nobel','883','Roundseed Panicgrass','01872362','Washington','District of Columbia'),(78,'Aloïs','Aspinell','53704039449','Moland','2286','Ozark Wakerobin','99199850','Birmingham','Alabama'),(79,'Marie-ève','Dyers','31509923502','Rigney','304','Blue Rattlesnake','94810637','Danbury','Connecticut'),(80,'Thérèse','Millions','01259571759','Spohn','3431','Rattleweed','77661780','Tampa','Florida'),(81,'Faîtes','Bleythin','45518303594','Melvin','4895','Brook Wakerobin','37961481','San Antonio','Texas'),(82,'Josée','Rizzetti','96468104939','Novick','2971','Rocky Mountain Rush','78604191','Olympia','Washington'),(83,'Hélène','Mabbitt','91631011346','Cottonwood','2629','Wright\'s Filmy Fern','82140029','Topeka','Kansas'),(84,'Léone','Blindt','48608262170','Sutteridge','947','Mountain Fly Honeysuckle','19026565','Austin','Texas'),(85,'Cloé','Danielkiewicz','21698870600','Hoepker','590','Small Rocklettuce','83330353','Harrisburg','Pennsylvania'),(86,'Magdalène','Vlasyuk','83024885380','Helena','1361','Heartleaf Twistflower','71979926','Omaha','Nebraska'),(87,'Jú','Helks','10034107533','Meadow Vale','4677','Spanish Gold','35091708','Washington','District of Columbia'),(88,'Pò','Gowanlock','46290431647','Stone Corner','982','Cassipourea','19661929','Lakeland','Florida'),(89,'Maïté','Pfleger','35633235420','Lawn','4003','Arizona Nettlespurge','23299276','Greensboro','North Carolina'),(90,'Tán','Widdop','24556041983','Surrey','1471','Arkansas Leastdaisy','38079937','Albany','Georgia'),(91,'Stéphanie','Haswell','81123280081','Glacier Hill','3959','Largeflower False Rosemary','91977241','Trenton','New Jersey'),(92,'Adèle','Imesen','24783030697','Anzinger','3033','Roundtip Twinpod','06434392','Baton Rouge','Louisiana'),(93,'Eugénie','Graysmark','51377826552','West','4311','Green Phlox','28307990','Harrisburg','Pennsylvania'),(94,'Andréanne','Winterscale','28034756999','Sundown','4514','New Mexico Sunflower','66645839','Arlington','Texas'),(95,'Dafnée','Vockins','06236809028','Oneill','4373','Broadbeaked Mustard','86424988','Phoenix','Arizona'),(96,'Agnès','Kitchener','19629554467','Rusk','3272','Northern Yelloweyed Grass','90156013','Lafayette','Louisiana'),(97,'Eléonore','Brame','38442232797','Bay','1975','Chalice Lichen','44883549','Melbourne','Florida'),(98,'Méghane','Yashunin','30856826375','Mallard','3535','Tall Tonguefern','22007496','Miami','Florida'),(99,'Almérinda','Ashard','55077342657','Cardinal','3980','Don Quixote\'s Lace','95298764','Denver','Colorado'),(100,'Dà','Kleyn','76372758204','Maple Wood','4391','Hottonia','81354941','Charlotte','North Carolina'),(101,'Annotés','Vears','58232315140','Dryden','203','Mountainheath','85907376','San Antonio','Texas'),(102,'Eléa','Brann','56110655779','Mosinee','1254','Coastal Seepweed','11211307','Honolulu','Hawaii'),(103,'Laurélie','Bransom','67048144877','Scoville','1929','Amur Silvergrass','33891926','Columbia','South Carolina'),(104,'Cécile','Pentelow','44456099702','Gale','469','Hana Clermontia','92451424','Phoenix','Arizona'),(105,'Måns','Rushbrook','39970154025','Kropf','723','Funnel Lily','19592985','Kansas City','Missouri'),(106,'Anaé','Carnachen','90735358596','Dixon','3460','Barbula Moss','24792461','Columbia','South Carolina'),(107,'Bénédicte','Djokovic','14305656727','Larry','4311','Lethariicola Lichen','12809182','Round Rock','Texas'),(108,'Fèi','Gotcliff','38159720968','Vidon','2006','Dwarf Rattlesnakeroot','46526436','Jamaica','New York'),(109,'Bécassine','MacParland','77801861156','Birchwood','804','Puerto Rico Thoroughwort','64736985','Boston','Massachusetts'),(110,'Rébecca','Jachtym','91852568478','Scofield','164','Waxyleaf Privet','45467683','Washington','District of Columbia'),(111,'Régine','Verdey','70938416849','Rockefeller','2241','Parásita','02769262','Marietta','Georgia'),(112,'Audréanne','Deniset','02220720701','Del Sol','2484','Bristly Smartweed','19709232','Arlington','Virginia'),(113,'Léonie','Gocke','84562014229','Mallory','4953','Leptodontium Moss','34482207','New York City','New York'),(114,'Lóng','Francey','88277608679','Lindbergh','2683','Largeleaf Sphagnum','70178515','Denton','Texas'),(115,'Réjane','Crook','82417537204','Jana','4200','Distinct Map Lichen','98794391','Kansas City','Missouri'),(116,'Naéva','Freda','80738635715','Farmco','3684','Wild Sisal','47830585','Fort Wayne','Indiana'),(117,'Bérénice','Puddle','94715374078','Northridge','2466','Common Candle Snuffer Moss','02651155','Seattle','Washington'),(118,'Néhémie','Simonutti','60542414721','Jay','3768','Spike Quillwort','57066550','Phoenix','Arizona'),(119,'Anaëlle','Bentick','91228488208','Talmadge','4982','Larchleaf Beardtongue','42201369','San Jose','California'),(120,'Camélia','Follows','23854218936','Springview','800','Grassland Pricklypear','25702710','Oklahoma City','Oklahoma'),(121,'Lèi','Chrismas','57120846039','Anderson','1335','Western Astomum Moss','50057471','Naples','Florida'),(122,'Crééz','Appleford','53347166044','Bashford','1142','Arkansas Dozedaisy','95673223','Tampa','Florida'),(123,'Yóu','Schofield','07897393689','Little Fleur','2841','Grandcousin','81278915','Apache Junction','Arizona'),(124,'Kallisté','Hischke','06097101060','Atwood','573','Kyasuma Grass','18173808','Boston','Massachusetts'),(125,'Kévina','Kuhlmey','46850624823','Reinke','4771','Chinquapin','49578884','Jacksonville','Florida'),(126,'Frédérique','Tytterton','62175909139','Almo','3004','Aretillo','74288567','Arlington','Virginia'),(127,'Gaétane','De Nisco','78457412653','Sugar','3218','Aleutian Violet','58550759','Tampa','Florida'),(128,'Andréa','Rockwell','06046524882','Eagan','1957','Coconut Paspalum','20919024','Brooksville','Florida'),(129,'Andréanne','Hubbart','12259149764','8th','3120','Mojave Kingcup Cactus','20930999','Madison','Wisconsin'),(130,'Wá','Fullom','38345262127','Jenifer','2283','Caribbean Maiden Fern','35944743','El Paso','Texas'),(131,'Naëlle','Caspell','00866021033','Russell','3189','Black Apple','30284973','Chicago','Illinois'),(132,'Noémie','Village','38073146080','Northland','4743','Thelomma Lichen','35288006','Tampa','Florida'),(133,'Pò','Gossop','80004809618','Randy','895','Shadscale Saltbush','59062324','New York City','New York'),(134,'Félicie','Boss','08579373690','Blaine','2361','Szechuan White Birch','97333602','Baltimore','Maryland'),(135,'Mélys','McBratney','15832398306','Messerschmidt','1637','American Milletgrass','97634963','Norman','Oklahoma'),(136,'Mélodie','McGeady','86739055254','Messerschmidt','4335','Coast Range False Bindweed','54958753','San Bernardino','California'),(137,'Ophélie','Abbis','36355750351','Pepper Wood','3709','Miquel\'s Mazus','74475543','Raleigh','North Carolina'),(138,'Frédérique','Trower','17224461689','Browning','3626','El Paso Pricklypear','78973406','Birmingham','Alabama'),(139,'Liè','Cropper','40278962611','Eagan','1050','Lemmon\'s Brickellbush','34699449','Providence','Rhode Island'),(140,'Renée','Brilleman','93310228295','Esker','2867','Venus\' Pride','05704780','Louisville','Kentucky'),(141,'Fèi','Grestye','81841683957','Melby','1506','Sweetscented Phacelia','23898009','Duluth','Minnesota'),(142,'Audréanne','De Mico','70736252763','Riverside','3744','Gazania','92207297','Shreveport','Louisiana'),(143,'Mélanie','Dovidian','71402050237','Lien','3064','Usnea Phaeosporobolus','99855604','Colorado Springs','Colorado'),(144,'Méryl','Taile','43337878390','Grover','4085','Lanai Phyllostegia','10838015','Dallas','Texas'),(145,'Estée','Teaze','90573524316','Hazelcrest','2391','Eve\'s Necklacepod','05303459','Norfolk','Virginia'),(146,'Angélique','April','40393480108','Shasta','2282','Orange Lichen','96859271','Anchorage','Alaska'),(147,'Marie-hélène','Mizzen','64972027400','Wayridge','4235','Orange Lichen','69767726','El Paso','Texas'),(148,'Mà','Fliege','48148540176','Heffernan','361','Yellow Anisetree','06187605','Honolulu','Hawaii'),(149,'Marie-thérèse','Rockingham','55583890272','Prentice','1804','Flameflower','79776053','Arlington','Virginia'),(150,'Réjane','Wordesworth','71046425478','New Castle','1585','Cardinal Catchfly','22104758','Staten Island','New York'),(151,'Maïlis','Trembley','66038009881','Graedel','2649','Long\'s Blackberry','55490683','Wilmington','Delaware'),(152,'Mahélie','Cattle','26185002548','Carberry','2191','Nottoway Valley Brome','81540637','Washington','District of Columbia'),(153,'Mélinda','Mocquer','63100543488','Dixon','3537','Sarita Rosette Grass','45420733','Memphis','Tennessee'),(154,'Réjane','Drains','22994084580','Old Shore','4952','Incense Cedar','57995276','Saint Louis','Missouri'),(155,'Loïs','Brookwell','63998076358','Sullivan','1185','Common Mare\'s-tail','28549017','Joliet','Illinois'),(156,'Hélène','O\'Currine','79371913948','Brown','849','Bushy Cryptantha','35012727','Saint Paul','Minnesota'),(157,'Lorène','Aliberti','07805036660','Crowley','1174','Branched Draba','94157203','Mesquite','Texas'),(158,'Zoé','Kinneally','84893949916','Veith','4810','Wart Lichen','42872226','Sacramento','California'),(159,'Annotés','Dewerson','78217501283','Main','2101','Pasto Micael','07433579','Phoenix','Arizona'),(160,'Léa','Ubank','55113904836','Harbort','2526','Toiyabe Springparsley','21794609','Portland','Oregon'),(161,'Vérane','Petken','93003761720','Derek','3782','Canadian Horseweed','04014341','Las Vegas','Nevada'),(162,'Kévina','Braganza','90949878375','Hoard','2293','Stylodon','77355124','Portland','Oregon'),(163,'Eloïse','Streeting','91965484273','International','1221','Shortstem Buckwheat','27529606','Green Bay','Wisconsin'),(164,'Yè','Capps','01031191445','Carpenter','3748','Unarmed Buckwheat','34827297','Grand Rapids','Michigan'),(165,'Aimée','Rives','08649027604','Autumn Leaf','3081','Grayleaf Willow','17342607','Silver Spring','Maryland'),(166,'Rébecca','Nettles','96722710672','Mosinee','1414','Forked Green Fiddleneck','85801016','Austin','Texas'),(167,'Lén','Lawful','12780807669','Sunbrook','1325','Lithospermum','52986989','Charleston','West Virginia'),(168,'Océanne','Goodings','40455219386','Del Mar','4211','Rough Gumweed','70050716','San Jose','California'),(169,'Célestine','Sterrie','12686632227','Valley Edge','508','Elmer\'s Blue-eyed Grass','22245937','El Paso','Texas'),(170,'Anaëlle','Nottram','57106444442','Ridgeview','2305','Arrowleaf Cyrtandra','97024566','Phoenix','Arizona'),(171,'Régine','Rubinsztein','77929157149','Lakeland','3068','Cliff Fern','74200726','New Orleans','Louisiana'),(172,'Dà','Bodill','67824496456','Springs','4932','North Africa Grass','74011260','El Paso','Texas'),(173,'Zoé','Greendale','37851886434','Vidon','1867','Ciliate Wreath Lichen','94372574','Washington','District of Columbia'),(174,'Gaëlle','Adamthwaite','62091106942','Kim','1131','Veatch\'s Dodder','84192196','Dayton','Ohio'),(175,'Maëlla','Swadlen','20383676868','Lawn','4192','Bryant\'s Beardtongue','91549828','Bozeman','Montana'),(176,'Lài','Marguerite','63694525719','Schiller','1350','Thelenella Lichen','00877983','Madison','Wisconsin'),(177,'Mégane','Falco','83986414665','Graceland','1804','Smooth Baccharis','20696458','Northridge','California'),(178,'Geneviève','Arthy','71934405822','Manufacturers','1482','Heterocyphelium Lichen','62156324','Kansas City','Missouri'),(179,'Lài','Summerlie','66272778526','Monument','3374','Shaddock','52402034','Fresno','California'),(180,'Maëlys','Hischke','70698522642','Carey','3433','Lemon Beebalm','04563051','Portsmouth','Virginia'),(181,'Josée','Scougal','81469591022','Dennis','3685','Goldentop','95142416','Fort Lauderdale','Florida'),(182,'Yè','Coomes','80075383937','Village Green','228','Bitter Ginger','54383292','Tulsa','Oklahoma'),(183,'Inès','Jeffryes','55962281791','Continental','2568','Giant White Fawnlily','53258625','Saint Petersburg','Florida'),(184,'Åslög','Patinkin','91760805972','Sunfield','952','Longflower Rabbitbrush','64470048','Dallas','Texas'),(185,'Cloé','McGrorty','34084845312','Scott','2952','Coccocypselum','62365564','Louisville','Kentucky'),(186,'Hélèna','Ryrie','45627563417','Sundown','2082','Sticky Jointvetch','57530745','Memphis','Tennessee'),(187,'Léana','Durning','13056986487','Hazelcrest','2966','Moleplant','80620216','Whittier','California'),(188,'Desirée','Devon','64552548263','Schmedeman','4633','Panal','43068482','Watertown','Massachusetts'),(189,'Stéphanie','Corran','55578535950','Doe Crossing','4936','Limoncillo De Monte','38195077','Gaithersburg','Maryland'),(190,'Yè','Simonyi','28372553109','Porter','831','Great Valley Eryngo','58094215','Monticello','Minnesota'),(191,'Loïc','Sallan','79125364867','Veith','2825','Pale Agoseris','94753891','Shreveport','Louisiana'),(192,'Clémentine','Durrell','68376495689','Stang','2823','Fescue','25148464','Dallas','Texas'),(193,'Maëly','Medcalfe','82564990129','School','3588','Disk Lichen','87798715','Miami Beach','Florida'),(194,'Lèi','Barnfather','37033376465','Tony','964','Largeflower Tickseed','36374670','Columbus','Ohio'),(195,'Garçon','Falkingham','19556350665','Bunker Hill','566','Bellwort','04240378','New York City','New York'),(196,'Mélys','Arrundale','46745864603','East','771','Gold-of-pleasure','33628132','Portland','Oregon'),(197,'Andréa','Secretan','63359416143','Ridgeview','929','New Mexico Silverbush','49288094','El Paso','Texas'),(198,'Åslög','Pudner','68706951401','Corscot','3495','Speenwort','63767300','Syracuse','New York'),(199,'Clémentine','Thebes','11591457606','Larry','3682','Forest Gardenia','48425311','Washington','District of Columbia'),(200,'Wá','Gray','52767466244','Ruskin','2626','Rambai','15117462','Springfield','Missouri');
/*!40000 ALTER TABLE `cliente` ENABLE KEYS */;
UNLOCK TABLES;

--
-- Table structure for table `email`
--

DROP TABLE IF EXISTS `email`;
/*!40101 SET @saved_cs_client     = @@character_set_client */;
/*!50503 SET character_set_client = utf8mb4 */;
CREATE TABLE `email` (
  `id` int NOT NULL,
  `email` varchar(100) NOT NULL,
  `cliente_id` int DEFAULT NULL,
  PRIMARY KEY (`id`),
  KEY `FK__Email__cliente_i__4F7CD00D` (`cliente_id`),
  CONSTRAINT `FK__Email__cliente_i__4F7CD00D` FOREIGN KEY (`cliente_id`) REFERENCES `cliente` (`id`)
) ENGINE=InnoDB DEFAULT CHARSET=utf8mb4 COLLATE=utf8mb4_0900_ai_ci;
/*!40101 SET character_set_client = @saved_cs_client */;

--
-- Dumping data for table `email`
--

LOCK TABLES `email` WRITE;
/*!40000 ALTER TABLE `email` DISABLE KEYS */;
INSERT INTO `email` VALUES (1,'msindall0@fotki.com',33),(2,'rgallard1@yelp.com',123),(3,'stullett2@sciencedirect.com',25),(4,'gburton3@columbia.edu',21),(5,'lbrader4@imgur.com',60),(6,'amaliphant5@berkeley.edu',172),(7,'sedelheid6@bloomberg.com',195),(8,'omattusevich7@behance.net',60),(9,'kdach8@google.com',85),(10,'aapplewhaite9@google.it',162),(11,'cfishleigha@stumbleupon.com',34),(12,'alittefairb@macromedia.com',53),(13,'tscandwrightc@taobao.com',58),(14,'bluchettid@illinois.edu',82),(15,'lroxbroughe@bigcartel.com',123),(16,'pnoref@mac.com',146),(17,'kworthingg@wired.com',140),(18,'bgiovannardih@goo.gl',6),(19,'trubinovitchi@soundcloud.com',90),(20,'jzoppoj@wiley.com',57),(21,'glotheank@ft.com',185),(22,'rirvingl@unblog.fr',112),(23,'bhodgem@squidoo.com',31),(24,'tmccawleyn@ezinearticles.com',130),(25,'mbothwello@nhs.uk',123),(26,'wchirmp@t-online.de',71),(27,'cperrinq@tinypic.com',167),(28,'twahncker@feedburner.com',191),(29,'tchretiens@fc2.com',140),(30,'sardleyt@blogspot.com',184),(31,'nbiskupu@bravesites.com',148),(32,'lvedeniktovv@pbs.org',180),(33,'bwreakw@instagram.com',87),(34,'ccastellacciox@examiner.com',67),(35,'tfuentezy@sun.com',100),(36,'aturviez@hostgator.com',113),(37,'gstango10@com.com',170),(38,'adipple11@shinystat.com',167),(39,'fprangle12@xing.com',153),(40,'gmclise13@flickr.com',42),(41,'rmainds14@indiatimes.com',78),(42,'hcraigs15@wiley.com',184),(43,'bmcmenamy16@blogspot.com',179),(44,'seastcourt17@wisc.edu',149),(45,'fliven18@topsy.com',140),(46,'aandrez19@privacy.gov.au',44),(47,'ldevere1a@cmu.edu',91),(48,'rmacenzy1b@diigo.com',45),(49,'emungin1c@pen.io',115),(50,'ygooda1d@apple.com',17),(51,'kmackilpatrick1e@harvard.edu',39),(52,'nmoughtin1f@yellowpages.com',125),(53,'csomerville1g@sciencedaily.com',96),(54,'eliccardo1h@qq.com',140),(55,'adillingstone1i@opera.com',75),(56,'hcuttelar1j@cafepress.com',174),(57,'abanks1k@upenn.edu',122),(58,'tschinetti1l@wiley.com',6),(59,'fmelpuss1m@vk.com',149),(60,'naxten1n@sina.com.cn',43),(61,'dfildery1o@yahoo.com',160),(62,'eboniface1p@gov.uk',138),(63,'eblackhall1q@comsenz.com',87),(64,'cmussolini1r@amazon.co.jp',72),(65,'mubee1s@un.org',6),(66,'cmuffin1t@histats.com',6),(67,'kcooke1u@telegraph.co.uk',20),(68,'cstobo1v@auda.org.au',122),(69,'aklyn1w@moonfruit.com',141),(70,'lbenjafield1x@engadget.com',145),(71,'kchippendale1y@hud.gov',118),(72,'lbiasi1z@taobao.com',83),(73,'finglis20@census.gov',136),(74,'mclinnick21@mail.ru',60),(75,'cmorot22@ted.com',92),(76,'rscotfurth23@ca.gov',38),(77,'acarik24@answers.com',6),(78,'bneno25@privacy.gov.au',83),(79,'iprimett26@hhs.gov',142),(80,'ojellings27@weather.com',15),(81,'tlunam28@phpbb.com',96),(82,'jseeking29@tumblr.com',74),(83,'wlownes2a@nyu.edu',131),(84,'sparkes2b@liveinternet.ru',6),(85,'mlillicrap2c@netvibes.com',187),(86,'tleither2d@slate.com',72),(87,'fsedgman2e@zimbio.com',90),(88,'randreichik2f@blinklist.com',175),(89,'odomerc2g@histats.com',83),(90,'lpennicott2h@arstechnica.com',137),(91,'maskin2i@issuu.com',63),(92,'ogreger2j@storify.com',97),(93,'ksheaber2k@techcrunch.com',108),(94,'alouder2l@census.gov',148),(95,'ikavanagh2m@networkadvertising.org',180),(96,'jkupec2n@weather.com',184),(97,'mbassam2o@ezinearticles.com',147),(98,'amcclaurie2p@dailymail.co.uk',61),(99,'bsyseland2q@ed.gov',10),(100,'gtempleman2r@ucoz.com',117),(101,'cwykey2s@usda.gov',97),(102,'skalberer2t@webnode.com',197),(103,'sprecious2u@clickbank.net',116),(104,'aspriggs2v@hubpages.com',90),(105,'dveevers2w@wix.com',123),(106,'awhanstall2x@squarespace.com',74),(107,'ndewerson2y@sogou.com',136),(108,'lfarington2z@hao123.com',101),(109,'rmilham30@livejournal.com',197),(110,'jgauson31@springer.com',65),(111,'omccombe32@dion.ne.jp',95),(112,'sshervil33@163.com',73),(113,'jpedrick34@samsung.com',175),(114,'djenny35@1und1.de',89),(115,'ncopelli36@jigsy.com',66),(116,'ccottage37@vimeo.com',125),(117,'shubery38@ihg.com',181),(118,'kdytham39@google.nl',68),(119,'omash3a@google.com.hk',35),(120,'bfoskew3b@vinaora.com',79),(121,'hbickerstaffe3c@live.com',46),(122,'shave3d@sciencedirect.com',5),(123,'cillston3e@example.com',85),(124,'vbrewis3f@gov.uk',129),(125,'smathe3g@histats.com',47),(126,'aphilliphs3h@odnoklassniki.ru',6),(127,'jpatria3i@reddit.com',119),(128,'smarle3j@hao123.com',148),(129,'jdinnis3k@technorati.com',68),(130,'ubadcock3l@fda.gov',96),(131,'jburt3m@statcounter.com',123),(132,'hmould3n@dmoz.org',37),(133,'gpavitt3o@cmu.edu',40),(134,'acorner3p@digg.com',15),(135,'dbatey3q@epa.gov',17),(136,'wruberry3r@posterous.com',89),(137,'akarppi3s@studiopress.com',163),(138,'sscarlet3t@tuttocitta.it',192),(139,'kkynd3u@gravatar.com',18),(140,'bdee3v@desdev.cn',74),(141,'awebland3w@walmart.com',155),(142,'jfellman3x@cnn.com',52),(143,'gquipp3y@over-blog.com',8),(144,'fbrose3z@edublogs.org',84),(145,'pscowen40@unblog.fr',72),(146,'lcreigan41@howstuffworks.com',190),(147,'cblakebrough42@psu.edu',56),(148,'ginnett43@pen.io',30),(149,'kkeijser44@plala.or.jp',12),(150,'ldavidovitch45@webmd.com',16),(151,'bbesse46@elpais.com',148),(152,'kzelley47@msu.edu',88),(153,'pstirman48@tinyurl.com',161),(154,'acrawford49@ftc.gov',176),(155,'rjeroch4a@paypal.com',59),(156,'namiable4b@oakley.com',184),(157,'emilbourn4c@comcast.net',188),(158,'tmees4d@zimbio.com',105),(159,'jrosenbloom4e@weebly.com',60),(160,'hwakeley4f@epa.gov',121),(161,'dlonergan4g@diigo.com',2),(162,'eobradane4h@ftc.gov',40),(163,'tdowson4i@fda.gov',165),(164,'ssimenel4j@sbwire.com',187),(165,'mrosendall4k@va.gov',44),(166,'jlewington4l@alexa.com',109),(167,'acourt4m@upenn.edu',71),(168,'adownton4n@princeton.edu',45),(169,'ckinkead4o@census.gov',73),(170,'gbalmadier4p@archive.org',178),(171,'fodyvoy4q@unesco.org',197),(172,'sbolzen4r@adobe.com',30),(173,'rclimance4s@lycos.com',192),(174,'vtolossi4t@wsj.com',65),(175,'dbramsen4u@google.com.au',39),(176,'kdrain4v@xrea.com',191),(177,'cpattesall4w@pcworld.com',143),(178,'dlindenboim4x@canalblog.com',2),(179,'pgeorgelin4y@technorati.com',50),(180,'kofener4z@dropbox.com',135),(181,'jisles50@ebay.co.uk',51),(182,'givanchin51@people.com.cn',25),(183,'mmcgowran52@amazonaws.com',7),(184,'atudball53@kickstarter.com',3),(185,'ghoff54@irs.gov',125),(186,'kdrohun55@dion.ne.jp',144),(187,'bfowles56@woothemes.com',103),(188,'jlingfoot57@hatena.ne.jp',49),(189,'rbean58@nps.gov',133),(190,'cswendell59@rakuten.co.jp',95),(191,'jcraighall5a@usnews.com',108),(192,'vberzen5b@smh.com.au',51),(193,'mduhamel5c@nasa.gov',73),(194,'msleep5d@w3.org',193),(195,'ntolley5e@hibu.com',142),(196,'preen5f@multiply.com',62),(197,'yhacquard5g@livejournal.com',46),(198,'cmcginly5h@mashable.com',91),(199,'aedison5i@skype.com',41),(200,'spinnick5j@squidoo.com',170),(201,'obattey5k@youtube.com',62),(202,'ymertin5l@bigcartel.com',42),(203,'pgabala5m@harvard.edu',115),(204,'isyne5n@meetup.com',190),(205,'nhelian5o@ezinearticles.com',7);
/*!40000 ALTER TABLE `email` ENABLE KEYS */;
UNLOCK TABLES;

--
-- Table structure for table `estoque`
--

DROP TABLE IF EXISTS `estoque`;
/*!40101 SET @saved_cs_client     = @@character_set_client */;
/*!50503 SET character_set_client = utf8mb4 */;
CREATE TABLE `estoque` (
  `id` int NOT NULL,
  `estoque_disp` decimal(8,2) NOT NULL,
  `ultima_atualizacao` date NOT NULL,
  `produto_id` int DEFAULT NULL,
  PRIMARY KEY (`id`),
  KEY `FK__Estoque__produto__3F466844` (`produto_id`),
  CONSTRAINT `FK__Estoque__produto__3F466844` FOREIGN KEY (`produto_id`) REFERENCES `produto` (`id`)
) ENGINE=InnoDB DEFAULT CHARSET=utf8mb4 COLLATE=utf8mb4_0900_ai_ci;
/*!40101 SET character_set_client = @saved_cs_client */;

--
-- Dumping data for table `estoque`
--

LOCK TABLES `estoque` WRITE;
/*!40000 ALTER TABLE `estoque` DISABLE KEYS */;
INSERT INTO `estoque` VALUES (1,25.00,'2021-08-26',1),(2,42.00,'2021-07-26',2),(3,19.00,'2021-08-15',3),(4,26.00,'2021-07-19',4),(5,17.00,'2021-06-15',5),(6,8.00,'2021-09-16',6),(7,28.00,'2021-05-01',7),(8,26.00,'2021-04-18',8),(9,21.00,'2021-08-11',9),(10,36.00,'2021-06-04',10),(11,45.00,'2021-07-19',11),(12,13.00,'2021-04-17',12),(13,16.00,'2021-05-12',13),(14,16.00,'2021-05-01',14),(15,42.00,'2021-05-26',15),(16,14.00,'2021-05-27',16),(17,25.00,'2021-08-11',17),(18,30.00,'2021-04-10',18),(19,23.00,'2021-04-28',19),(20,28.00,'2021-04-15',20),(21,16.00,'2021-08-24',21),(22,24.00,'2021-07-10',22),(23,27.00,'2021-08-03',23),(24,42.00,'2021-04-28',24),(25,21.00,'2021-06-29',25),(26,24.00,'2021-08-13',26),(27,9.00,'2021-05-02',27),(28,25.00,'2021-05-08',28),(29,2.00,'2021-06-13',29),(30,43.00,'2021-08-26',30),(31,13.00,'2021-08-28',31),(32,37.00,'2021-04-10',32),(33,19.00,'2021-07-31',33),(34,35.00,'2021-04-25',34),(35,9.00,'2021-07-26',35),(36,37.00,'2021-06-20',36),(37,34.00,'2021-09-03',37),(38,7.00,'2021-06-15',38),(39,26.00,'2021-09-06',39),(40,46.00,'2021-05-13',40),(41,46.00,'2021-07-17',41),(42,45.00,'2021-08-08',42),(43,30.00,'2021-06-05',43),(44,27.00,'2021-04-10',44),(45,26.00,'2021-06-12',45),(46,23.00,'2021-08-02',46),(47,47.00,'2021-06-15',47),(48,12.00,'2021-07-11',48),(49,9.00,'2021-08-19',49),(50,49.00,'2021-08-29',50),(51,12.00,'2021-07-10',51),(52,49.00,'2021-09-13',52),(53,33.00,'2021-09-02',53),(54,42.00,'2021-04-26',54),(55,17.00,'2021-07-15',55),(56,6.00,'2021-07-24',56),(57,40.00,'2021-09-04',57),(58,27.00,'2021-07-06',58),(59,29.00,'2021-09-14',59),(60,17.00,'2021-08-25',60),(61,38.00,'2021-08-26',61),(62,25.00,'2021-05-09',62),(63,50.00,'2021-08-26',63),(64,15.00,'2021-08-02',64),(65,16.00,'2021-04-19',65),(66,42.00,'2021-08-09',66),(67,28.00,'2021-07-21',67),(68,39.00,'2021-08-25',68),(69,6.00,'2021-08-02',69),(70,20.00,'2021-04-22',70),(71,50.00,'2021-06-15',71),(72,5.00,'2021-08-09',72),(73,12.00,'2021-04-11',73),(74,32.00,'2021-06-09',74),(75,32.00,'2021-06-14',75),(76,5.00,'2021-07-08',76),(77,22.00,'2021-09-04',77),(78,29.00,'2021-07-16',78),(79,9.00,'2021-08-08',79),(80,37.00,'2021-05-21',80),(81,34.00,'2021-06-28',81),(82,49.00,'2021-08-26',82),(83,25.00,'2021-08-16',83),(84,37.00,'2021-08-01',84),(85,36.00,'2021-04-10',85),(86,37.00,'2021-06-12',86),(87,33.00,'2021-06-04',87),(88,3.00,'2021-05-30',88),(89,27.00,'2021-05-11',89),(90,4.00,'2021-04-08',90),(91,38.00,'2021-06-26',91),(92,9.00,'2021-04-21',92),(93,24.00,'2021-08-10',93),(94,19.00,'2021-06-22',94),(95,31.00,'2021-04-16',95),(96,18.00,'2021-09-07',96),(97,19.00,'2021-08-20',97),(98,13.00,'2021-04-22',98),(99,24.00,'2021-05-19',99),(100,11.00,'2021-07-05',100),(101,22.00,'2021-09-14',101),(102,17.00,'2021-09-11',102),(103,12.00,'2021-07-30',103),(104,50.00,'2021-05-25',104),(105,12.00,'2021-08-20',105),(106,11.00,'2021-04-24',106),(107,15.00,'2021-08-08',107),(108,39.00,'2021-07-19',108),(109,26.00,'2021-08-29',109),(110,40.00,'2021-06-19',110),(111,9.00,'2021-04-28',111),(112,9.00,'2021-08-13',112),(113,39.00,'2021-04-20',113),(114,13.00,'2021-08-05',114),(115,27.00,'2021-07-24',115),(116,29.00,'2021-07-11',116),(117,32.00,'2021-08-02',117),(118,37.00,'2021-08-07',118),(119,9.00,'2021-04-26',119),(120,13.00,'2021-06-30',120),(121,33.00,'2021-08-18',121),(122,11.00,'2021-06-06',122),(123,17.00,'2021-06-10',123),(124,33.00,'2021-08-04',124),(125,4.00,'2021-08-01',125),(126,18.00,'2021-06-26',126),(127,38.00,'2021-06-12',127),(128,43.00,'2021-06-03',128),(129,15.00,'2021-04-18',129),(130,6.00,'2021-07-21',130),(131,31.00,'2021-07-13',131),(132,22.00,'2021-07-29',132),(133,4.00,'2021-05-26',133),(134,50.00,'2021-08-11',134),(135,41.00,'2021-05-04',135),(136,6.00,'2021-06-13',136),(137,49.00,'2021-05-17',137),(138,2.00,'2021-08-31',138),(139,40.00,'2021-08-19',139),(140,25.00,'2021-09-08',140),(141,31.00,'2021-08-13',141),(142,5.00,'2021-08-13',142),(143,24.00,'2021-07-15',143),(144,12.00,'2021-08-16',144),(145,7.00,'2021-04-15',145),(146,47.00,'2021-06-14',146),(147,31.00,'2021-06-12',147),(148,10.00,'2021-06-23',148),(149,9.00,'2021-05-25',149),(150,13.00,'2021-04-17',150),(151,13.00,'2021-05-30',151),(152,31.00,'2021-06-05',152),(153,5.00,'2021-08-20',153),(154,21.00,'2021-07-21',154),(155,26.00,'2021-06-07',155),(156,24.00,'2021-08-12',156),(157,29.00,'2021-05-13',157),(158,50.00,'2021-09-02',158),(159,40.00,'2021-08-08',159),(160,38.00,'2021-07-26',160),(161,44.00,'2021-09-12',161),(162,24.00,'2021-06-28',162),(163,16.00,'2021-05-14',163),(164,13.00,'2021-08-02',164),(165,15.00,'2021-07-21',165),(166,17.00,'2021-08-26',166),(167,35.00,'2021-08-08',167),(168,5.00,'2021-09-04',168),(169,42.00,'2021-09-12',169),(170,16.00,'2021-05-31',170),(171,31.00,'2021-05-05',171),(172,36.00,'2021-07-07',172),(173,29.00,'2021-06-26',173),(174,1.00,'2021-08-19',174),(175,3.00,'2021-05-14',175),(176,21.00,'2021-07-15',176),(177,50.00,'2021-05-12',177),(178,11.00,'2021-06-20',178),(179,47.00,'2021-05-13',179),(180,39.00,'2021-06-16',180),(181,16.00,'2021-08-27',181),(182,6.00,'2021-08-08',182),(183,25.00,'2021-06-30',183),(184,16.00,'2021-07-12',184),(185,27.00,'2021-05-13',185),(186,22.00,'2021-07-19',186),(187,21.00,'2021-05-22',187),(188,26.00,'2021-08-18',188),(189,19.00,'2021-04-26',189),(190,36.00,'2021-07-08',190),(191,39.00,'2021-08-11',191),(192,36.00,'2021-06-23',192),(193,30.00,'2021-05-11',193),(194,12.00,'2021-08-09',194),(195,19.00,'2021-08-05',195),(196,13.00,'2021-05-01',196),(197,36.00,'2021-04-22',197),(198,41.00,'2021-06-15',198),(199,13.00,'2021-05-22',199),(200,2.00,'2021-08-18',200),(201,49.00,'2021-05-28',201),(202,7.00,'2021-07-03',202),(203,35.00,'2021-07-06',203),(204,45.00,'2021-08-02',204),(205,24.00,'2021-05-14',205),(206,13.00,'2021-07-18',206),(207,43.00,'2021-07-24',207),(208,21.00,'2021-08-24',208),(209,4.00,'2021-05-20',209),(210,44.00,'2021-05-10',210),(211,22.00,'2021-08-01',211),(212,13.00,'2021-05-05',212),(213,23.00,'2021-04-23',213),(214,35.00,'2021-04-20',214),(215,47.00,'2021-05-23',215),(216,30.00,'2021-05-23',216),(217,34.00,'2021-08-28',217),(218,13.00,'2021-07-07',218),(219,36.00,'2021-05-02',219),(220,33.00,'2021-06-25',220),(221,33.00,'2021-07-01',221),(222,39.00,'2021-08-18',222),(223,34.00,'2021-08-26',223),(224,13.00,'2021-07-23',224),(225,44.00,'2021-05-03',225),(226,38.00,'2021-06-19',226),(227,17.00,'2021-05-11',227),(228,14.00,'2021-09-08',228),(229,9.00,'2021-07-18',229),(230,44.00,'2021-08-25',230),(231,50.00,'2021-08-29',231),(232,49.00,'2021-05-15',232),(233,6.00,'2021-04-16',233),(234,12.00,'2021-07-31',234),(235,17.00,'2021-07-17',235),(236,4.00,'2021-06-19',236),(237,36.00,'2021-09-02',237),(238,45.00,'2021-05-17',238),(239,11.00,'2021-04-23',239),(240,31.00,'2021-05-15',240),(241,10.00,'2021-06-14',241),(242,26.00,'2021-07-18',242),(243,40.00,'2021-08-16',243),(244,11.00,'2021-06-10',244),(245,35.00,'2021-06-20',245),(246,33.00,'2021-05-08',246),(247,10.00,'2021-07-26',247),(248,49.00,'2021-09-02',248),(249,37.00,'2021-08-14',249),(250,47.00,'2021-08-01',250);
/*!40000 ALTER TABLE `estoque` ENABLE KEYS */;
UNLOCK TABLES;

--
-- Table structure for table `fornecedor`
--

DROP TABLE IF EXISTS `fornecedor`;
/*!40101 SET @saved_cs_client     = @@character_set_client */;
/*!50503 SET character_set_client = utf8mb4 */;
CREATE TABLE `fornecedor` (
  `id` int NOT NULL,
  `denominacao` varchar(100) NOT NULL,
  `cnpj` char(14) NOT NULL,
  `rua` varchar(100) NOT NULL,
  `numero` varchar(10) NOT NULL,
  `bairro` varchar(100) NOT NULL,
  `cep` char(8) NOT NULL,
  `cidade` varchar(100) NOT NULL,
  `estado` varchar(100) NOT NULL,
  PRIMARY KEY (`id`)
) ENGINE=InnoDB DEFAULT CHARSET=utf8mb4 COLLATE=utf8mb4_0900_ai_ci;
/*!40101 SET character_set_client = @saved_cs_client */;

--
-- Dumping data for table `fornecedor`
--

LOCK TABLES `fornecedor` WRITE;
/*!40000 ALTER TABLE `fornecedor` DISABLE KEYS */;
INSERT INTO `fornecedor` VALUES (1,'Donnelly Group','30282441591557','Towne','4612','Fabaceae','12375453','Pittsburgh','Pennsylvania'),(2,'Legros-Mraz','74987111331974','Crowley','783','Scrophulariaceae','38718316','Saint Louis','Missouri'),(3,'Gislason-Strosin','72687381240384','Brentwood','2289','Urticaceae','61729235','New York City','New York'),(4,'Glover-Walker','76099189896682','Crest Line','1293','Lecanoraceae','14816803','Dallas','Texas'),(5,'Stehr-Waters','57624429962474','Banding','1006','Fabaceae','73949288','Cincinnati','Ohio'),(6,'Ferry and Sons','09534990894658','Hauk','4607','Araceae','38490074','Sacramento','California'),(7,'Kiehn-Ward','64311763711338','Huxley','1309','Rosaceae','65529199','South Bend','Indiana'),(8,'Hudson-Kuvalis','81567906450844','Fair Oaks','3521','Polygonaceae','42549095','Oakland','California'),(9,'Hilpert-Lemke','86549114778939','Old Shore','3229','Blechnaceae','13038634','South Lake Tahoe','California'),(10,'Batz, Cruickshank and Wuckert','45535692043849','Prairieview','3484','Liliaceae','44732011','El Paso','Texas'),(11,'Monahan, Lynch and Reinger','02882928297573','Portage','3528','Scrophulariaceae','87361377','Tulsa','Oklahoma'),(12,'Runolfsson-Zulauf','35176994942930','Macpherson','33','Fabaceae','29611260','Houston','Texas'),(13,'Osinski, Denesik and Gottlieb','75247888795369','Park Meadow','220','Asteraceae','57924404','Huntsville','Alabama'),(14,'Lesch-Mitchell','79840720133768','Rockefeller','4808','Fagaceae','00410053','Oakland','California'),(15,'Gleason, Beatty and Langosh','32148762995697','Superior','4826','Brassicaceae','68493774','Chattanooga','Tennessee'),(16,'Douglas, Stokes and Leffler','64787039260748','Clyde Gallagher','4381','Rutaceae','14235453','Cincinnati','Ohio'),(17,'Larson Inc','22706017079047','Green Ridge','4537','Cactaceae','69718840','San Antonio','Texas'),(18,'McGlynn, Sipes and Emard','35098816852301','Drewry','3935','Crassulaceae','33344931','Charleston','West Virginia'),(19,'Corwin, Bartoletti and Feil','81085251252089','Mendota','1697','Asteraceae','17506936','Shreveport','Louisiana'),(20,'Schiller-Ward','12476420950981','Bobwhite','1588','Ericaceae','86992872','Montgomery','Alabama');
/*!40000 ALTER TABLE `fornecedor` ENABLE KEYS */;
UNLOCK TABLES;

--
-- Table structure for table `produto`
--

DROP TABLE IF EXISTS `produto`;
/*!40101 SET @saved_cs_client     = @@character_set_client */;
/*!50503 SET character_set_client = utf8mb4 */;
CREATE TABLE `produto` (
  `id` int NOT NULL,
  `nome` varchar(100) NOT NULL,
  `marca` varchar(100) NOT NULL,
  `custo` decimal(8,2) NOT NULL,
  `preco` decimal(8,2) NOT NULL,
  `tipo_produto_id` int DEFAULT NULL,
  PRIMARY KEY (`id`),
  KEY `FK__Produto__tipo_pr__3C69FB99` (`tipo_produto_id`),
  CONSTRAINT `FK__Produto__tipo_pr__3C69FB99` FOREIGN KEY (`tipo_produto_id`) REFERENCES `tipo_produto` (`id`)
) ENGINE=InnoDB DEFAULT CHARSET=utf8mb4 COLLATE=utf8mb4_0900_ai_ci;
/*!40101 SET character_set_client = @saved_cs_client */;

--
-- Dumping data for table `produto`
--

LOCK TABLES `produto` WRITE;
/*!40000 ALTER TABLE `produto` DISABLE KEYS */;
INSERT INTO `produto` VALUES (1,'hyyzbw','Lansoprazole',287.00,418.00,2),(2,'wycvcd','Good Sense Stomach Relief',307.00,921.00,9),(3,'lgsbrb','risperidone',164.00,459.00,13),(4,'zpiqrz','Tums',205.00,758.00,1),(5,'uptyah','Lycoris Rubus brightening BB',356.00,735.00,14),(6,'jnrinh','Terazol 7',298.00,644.00,6),(7,'rldkwm','Ropinirole Hydrochloride',287.00,1025.00,8),(8,'htokwo','Glipizide and Metformin HCl',341.00,951.00,1),(9,'prjoym','TONYMOLY My Sunny Perfecting Sun Block',266.00,473.00,13),(10,'icosci','Hypericum Perf Kit Refill',189.00,649.00,11),(11,'wawzht','Methadone Hydrochloride',159.00,1080.00,11),(12,'orlqxn','Pain Relief',248.00,717.00,10),(13,'mqwgbm','Mark 3',279.00,794.00,2),(14,'tinwda','Hackberry',209.00,913.00,11),(15,'jhctqz','Hydrochlorothiazide',367.00,732.00,7),(16,'assulj','napoleon PERDIS FOUNDATION STICK BROAD SPECTRUM SPF 15 Look 3',247.00,932.00,1),(17,'tkzyew','Health Mart Lubricating Plus',168.00,1114.00,2),(18,'roupzq','Accupril',158.00,688.00,4),(19,'zqnpiq','Sinus and Allergy Relief PE',202.00,1048.00,4),(20,'usnxyx','mapap arthritis pain',255.00,1071.00,13),(21,'amgnna','Alka-Seltzer Plus Night Severe Cold and Flu',169.00,1167.00,9),(22,'gelccm','Doxycycline',345.00,634.00,5),(23,'qksxip','Doxycyclate Hyclate',154.00,1000.00,10),(24,'tcimgo','Poison Oak Ivy',289.00,863.00,5),(25,'jnxicz','Treatment Set TS329413',336.00,550.00,4),(26,'bwqluk','VAPOREX',339.00,1158.00,12),(27,'owbqal','Duloxetine hydrochloride',195.00,622.00,7),(28,'qwfhrj','butalbital, acetaminophen and caffeine',242.00,493.00,2),(29,'wftzwl','Allergy',197.00,451.00,3),(30,'lroxsa','Abstral',343.00,1094.00,12),(31,'vawmup','Nitrofurantoin (macrocrystals)',210.00,530.00,3),(32,'ipeblj','lice kit',168.00,659.00,2),(33,'edrhjx','clindamycin phosphate',205.00,1203.00,9),(34,'mptobn','LEVAQUIN',405.00,701.00,1),(35,'mbdbpq','Laxative',245.00,623.00,13),(36,'hhiznh','CAPTOPRIL',231.00,457.00,11),(37,'brisej','ZUSKA',281.00,563.00,1),(38,'ezgqrz','Genitrex',193.00,425.00,2),(39,'cupfyu','SmartRx Natural Pain Relief Sleeve ELBOW',223.00,402.00,9),(40,'gkhaib','METOPROLOL SUCCINATE',378.00,1069.00,4),(41,'sfglzw','WESTERN WHEAT POLLEN',290.00,486.00,11),(42,'ecxpey','Rocuronium Bromide',341.00,623.00,8),(43,'iagzro','Clozapine',414.00,1151.00,6),(44,'ycidts','Pinchot Juniper',294.00,1140.00,14),(45,'wapljy','Echinacea Apis Child Size',343.00,808.00,2),(46,'qtxqaa','XANTHIUM STRUMARIUM VAR CANADENSE POLLEN',157.00,819.00,4),(47,'ojemmr','Ampicillin',250.00,1213.00,4),(48,'rgpvce','Extra Strength Headache Relief',282.00,705.00,5),(49,'gotipv','Naloxone Hydrochloride',378.00,600.00,5),(50,'vapjpr','SULFAMETHOXAZOLE and TRIMETHOPRIM',213.00,744.00,5),(51,'bcbeja','Warfarin Sodium',389.00,990.00,13),(52,'xtxwzw','Glipizide',317.00,552.00,5),(53,'vzuiky','Nabumetone',290.00,1031.00,6),(54,'mfcpik','Pollens - Trees, Melaleuca (Punk Tree) Melaleuca quinquenervia',354.00,682.00,10),(55,'dpicru','Live Better',325.00,563.00,12),(56,'cmvtki','Propranolol Hydrochloride',194.00,532.00,11),(57,'bcqyzh','Clonidine',312.00,506.00,1),(58,'rusrbi','Magnesium Citrate',161.00,1132.00,13),(59,'tgqemp','Lidocaine Hydrochloride',318.00,1156.00,14),(60,'vdyurv','Olay Total Effects Moisturizer Plus Serum Duo',328.00,838.00,2),(61,'swkpew','Lactulose',375.00,739.00,12),(62,'tyswlz','Antifungal',151.00,825.00,12),(63,'hmhjne','PAROXETINE',179.00,995.00,9),(64,'wjlhlq','Cold and Hot Medicated',228.00,905.00,7),(65,'gyjmvz','azithromycin',212.00,1198.00,13),(66,'mvrllt','Albumin (Human)',288.00,504.00,4),(67,'avvejx','Ohtas Isan Antacid',344.00,846.00,8),(68,'jbohwj','Allergy Relief',183.00,874.00,1),(69,'xehlfl','GreenGlo',191.00,1099.00,14),(70,'kinmtv','Loblolly Pine',406.00,740.00,13),(71,'ufznjv','good neighbor pharmacy miconazole 1',308.00,1099.00,14),(72,'rbvazv','Octreotide acetate',420.00,499.00,4),(73,'enuftt','Monistat 7 Combination Pack',312.00,891.00,2),(74,'nzfjwp','Caffeine Citrate',314.00,918.00,8),(75,'vmemqm','Morphine Sulfate',392.00,511.00,14),(76,'sgiity','Lemon Zest Antibacterial Foaming Hand Wash',157.00,937.00,11),(77,'cujbcg','ADVAIR',259.00,1061.00,8),(78,'lcelib','Asclera',313.00,613.00,1),(79,'djuorj','Risperidone',408.00,784.00,14),(80,'yuplxb','Good Neighbor Pharmacy ClearLax',407.00,497.00,10),(81,'laqcju','SOLU-CORTEF',185.00,986.00,2),(82,'zdujuy','Prednicarbate',371.00,441.00,12),(83,'myhbdu','maximum strength',317.00,669.00,13),(84,'rswlsr','SUSTIVA',267.00,522.00,9),(85,'yqwvjj','STOOL SOFTENER',234.00,910.00,6),(86,'jjrlly','ADVIL MIGRAINE',386.00,715.00,2),(87,'savzpv','Acebutolol Hydrochloride',361.00,1152.00,6),(88,'fhgipl','Peptostrep Remedy',385.00,789.00,7),(89,'vzqhor','Perrigo Citalopram',295.00,627.00,2),(90,'muomgp','Sodium Fluoride',395.00,646.00,5),(91,'euoiqb','Chlorpromazine Hydrochloride',200.00,859.00,7),(92,'rhwixk','Topcare Pain Relief',214.00,1158.00,1),(93,'rfmrku','Topcare Childrens Triacting Nightime Cold and Cough',153.00,588.00,7),(94,'panybz','Lisinopril',255.00,906.00,4),(95,'pmhjni','Amlodipine Besylate and Benazepril Hydrochloride',302.00,863.00,3),(96,'iscpga','Integrilin',160.00,824.00,14),(97,'akazpt','Hand Sanitizer',388.00,434.00,4),(98,'rnektz','Equate Liquid Foot',270.00,844.00,2),(99,'fhndfr','Oxygen',369.00,983.00,11),(100,'wtwcoq','Hydrocodone Bitartrate and Acetaminophen',330.00,1215.00,5),(101,'kfladz','BEXXAR',210.00,454.00,12),(102,'rzgfsr','SIMETHICONE',322.00,614.00,10),(103,'rfrtac','Warfarin Sodium',326.00,673.00,9),(104,'ghwfqq','COLAZAL',153.00,1043.00,14),(105,'wzhknk','Cold Head Congestion Daytime Non-Drowsy',399.00,647.00,8),(106,'itzmwx','Trihexyphenidyl Hydrochloride',380.00,1145.00,12),(107,'txrcbn','Eye Itch Relief',280.00,1173.00,9),(108,'awcztp','Coconut Antibacterial Creamy Hand Wash',273.00,652.00,9),(109,'mapfwz','ANTI BACTERIAL HAND SANITIZER',280.00,633.00,2),(110,'dkrzhl','DG HEALTH MAXIMUM REDNESS RELIEF',328.00,430.00,10),(111,'envjgy','topcare antacid calcium',170.00,815.00,14),(112,'tebsto','lisinopril',387.00,601.00,5),(113,'eqnzjt','PIPERINE',399.00,608.00,10),(114,'lutwdb','Anti-Bacterial Hand',189.00,1018.00,9),(115,'lfelgc','Stavudine',232.00,796.00,13),(116,'zqujjl','Imipramine Hydrochloride',206.00,987.00,2),(117,'szozho','Sucralfate',193.00,911.00,14),(118,'gwszwd','Glycine',330.00,1178.00,13),(119,'ikrczq','Syprine',289.00,1060.00,11),(120,'hoxbts','XtraCare Anti-Dandruff Hair Cleanse',164.00,1210.00,12),(121,'cjxadh','Super Aqua Night',356.00,426.00,11),(122,'apscve','Halls',411.00,1098.00,4),(123,'ccghga','Graphites Kit Refill',287.00,788.00,4),(124,'rzflwl','smart sense flu and severe cold and cough',343.00,983.00,10),(125,'amzwrc','HGH Plus',167.00,1075.00,1),(126,'wwholg','ISENTRESS',358.00,936.00,7),(127,'okrsbp','Acyclovir',354.00,945.00,5),(128,'zyuljv','Nicotine',153.00,1193.00,2),(129,'rldxsc','DIORSNOW UV Shield White Reveal Moisturizing UV Protection Pearly White SPF 50',192.00,451.00,6),(130,'huixdb','Illusion Tinted Moisturizer Broad Spectrum Shell',251.00,461.00,5),(131,'klqgns','ShopRite Migraine Formula',307.00,701.00,9),(132,'czbpic','Western Ragweed',230.00,613.00,1),(133,'hzjtsv','tizanidine hydrochloride',288.00,873.00,2),(134,'lwegtx','Cyclosporine',311.00,766.00,9),(135,'trjdmw','Unisom SleepMelts',165.00,944.00,5),(136,'yhcsll','COBROXIN',294.00,768.00,10),(137,'lggwup','Doxorubicin Hydrochloride',179.00,420.00,13),(138,'oxfswo','Palo Verde Pollen',184.00,619.00,6),(139,'vvbpqc','ORIGINAL POWER LIFTING AMPOULE',405.00,651.00,4),(140,'qqtzvo','Lidocaine Hydrochloride',153.00,762.00,11),(141,'oqsbjo','OXYGEN',368.00,527.00,1),(142,'rnnran','BabyGanics Alcohol Free Foaming Hand Sanitizer',303.00,1163.00,3),(143,'sofyln','Motion Sickness Relief',248.00,1102.00,7),(144,'ukoafe','Prednisone',387.00,428.00,12),(145,'evjnxw','Safe Harbor - Natural Anti-Aging Sunscreen Broad Spectrum SPF30 Sunscreen Sensitive Skin',283.00,483.00,9),(146,'dbmhgq','Metformin Hydrochloride',218.00,715.00,9),(147,'nkifdu','Gambil Oak',305.00,454.00,7),(148,'elvols','care one ibuprofen cold and sinus',164.00,890.00,13),(149,'lqusxb','Reactheat',181.00,712.00,2),(150,'kjjbay','Levothyroxine Sodium',321.00,669.00,3),(151,'gazwpo','LBEL Couleur Luxe Rouge Amplifier XP amplifying SPF 15',299.00,925.00,2),(152,'ulvpik','Oxygen',418.00,965.00,14),(153,'ranxgr','Telmisartan and Hydrochlorothiazide',392.00,1010.00,9),(154,'yogxmi','smart sense nicotine',318.00,464.00,12),(155,'piyrpn','Head and Shoulders',168.00,480.00,10),(156,'fabrth','Acetaminophen',160.00,919.00,4),(157,'gysfuo','Solum Aesculus',205.00,1024.00,2),(158,'qpoatr','TOPIRAMATE',284.00,1157.00,5),(159,'dmncqu','Chronagesic',361.00,1196.00,13),(160,'vuokad','Larynx Bryonia',302.00,454.00,9),(161,'inzzeq','HYDROCODONE BITARTRATE AND ACETAMINOPHEN',330.00,761.00,14),(162,'espozf','Sunright Broad Spectrum SPF 30',398.00,849.00,9),(163,'czdxci','SPF-40 facial moisturizer',178.00,402.00,11),(164,'wdzuzg','Ibuprofen',344.00,645.00,9),(165,'etsvsm','Diltiazem Hydrochloride',409.00,892.00,9),(166,'vwcngy','Hydrocodone Bitartrate and Acetaminophen',366.00,1038.00,6),(167,'myhwyn','Venlafaxine Hydrochloride',183.00,1135.00,14),(168,'mjvfwp','Ketorolac Tromethamine',236.00,1210.00,11),(169,'damawq','Misoprostol',374.00,719.00,6),(170,'nhhfvk','HAUTE PROTECTION High Protection Tinted Compact BROAD SPECTRUM SPF 50 HONEY',250.00,601.00,10),(171,'fhcaqf','Kapok',255.00,676.00,4),(172,'xyfxno','Lisinopril',403.00,928.00,11),(173,'ycxhzh','Rheumatic Tonic',216.00,897.00,8),(174,'hmtlsm','Cyclobenzaprine Hydrochloride',291.00,970.00,4),(175,'nybzlq','CHAPSTICK CLASSICS CHERRY',384.00,960.00,8),(176,'zxrrjm','SEAWEED MEDICLEAR MASK',362.00,873.00,7),(177,'pqwmnu','Theraflu',349.00,680.00,7),(178,'stctls','Reef Safe SPF 36',261.00,1049.00,13),(179,'drwmix','Mint',210.00,1081.00,13),(180,'lwleli','Quetiapine Fumarate',397.00,558.00,14),(181,'rboidd','Foaming Hand Wash',305.00,618.00,14),(182,'zfdxjy','venlafaxine hydrochloride',325.00,656.00,8),(183,'srojqw','Body Blends Vanilla Sugar Anti-bacterial Hand Sanitizer',387.00,945.00,9),(184,'szsvjt','NUTRITIOUS',247.00,716.00,9),(185,'qopdya','SENSORCAINE',251.00,729.00,1),(186,'xvfikf','Doxycycline Hyclate',283.00,501.00,9),(187,'jkmzsk','Antiseptic',332.00,751.00,7),(188,'sihxdw','Clearasil Daily Clear',335.00,1003.00,10),(189,'dvrlyb','Asparagus',247.00,841.00,3),(190,'zaermh','EQUALINE',257.00,559.00,8),(191,'tdhcjr','HAND AND NATURE SANITIZER',220.00,1015.00,9),(192,'qqtxot','Metoprolol Tartrate',258.00,414.00,10),(193,'bmafou','Goldlove Hand Sanitizer',335.00,482.00,10),(194,'nweaji','ARTHRITIS CARE',282.00,1035.00,3),(195,'wlzjrd','MESNEX',251.00,766.00,6),(196,'ppccad','Fentanyl',150.00,1226.00,12),(197,'iraaqg','MBM 5 Large Intestine',413.00,622.00,14),(198,'cqkuss','Vasopressin',411.00,517.00,1),(199,'daxzua','garamycin gentamicin sulfate',239.00,919.00,10),(200,'iltvcr','ALL FLU',299.00,536.00,3),(201,'macgzl','FibroFree Complex',227.00,536.00,14),(202,'cxhzdw','Fentanyl',347.00,1063.00,5),(203,'pksgmv','MISSHA M SHINY BB',162.00,464.00,7),(204,'zkcghk','Aruba Aloe Very Water Resistant Sunscreen - For Faces',181.00,564.00,2),(205,'ibnfcr','Citalopram',263.00,663.00,7),(206,'jerhsd','AlphaNine',213.00,1204.00,1),(207,'srxmds','Promethazine Hydrochloride',339.00,912.00,5),(208,'rrntpm','Mineral Oil Lubricant Laxative',350.00,1158.00,13),(209,'klaxlb','Ciprofloxacin',250.00,610.00,1),(210,'kgvsks','Sodium Chloride',399.00,1169.00,11),(211,'ixgqrh','Gillette Odor Shield',198.00,1135.00,11),(212,'tvpihk','Warfarin Sodium',397.00,467.00,14),(213,'pmwxcd','Glipizide',211.00,1200.00,9),(214,'jauhph','Valacyclovir Hydrochloride',318.00,1157.00,14),(215,'sfhbjn','Hemostatic Solution',180.00,537.00,11),(216,'tkhrfh','Analpram HC',230.00,943.00,1),(217,'bjhxkm','Naproxen',404.00,765.00,6),(218,'gighly','Medline Enema',343.00,528.00,2),(219,'lxedqw','Luminous AuraCapsule CC',397.00,748.00,14),(220,'ilqusf','Desipramine Hydrochloride',196.00,682.00,1),(221,'dzwhag','Tussin',222.00,832.00,9),(222,'hxtpjn','TheraDerm Pain Relieving Patch',245.00,662.00,4),(223,'omkzzk','Mirtazapine',273.00,540.00,1),(224,'ypzskw','Cefazolin',335.00,458.00,7),(225,'hxjznh','Bladder Incontinence',353.00,542.00,12),(226,'fniopz','SELZENTRY',321.00,427.00,8),(227,'iojldn','Loperamide Hydrochloride',152.00,405.00,1),(228,'pslufc','Cardizem CD',248.00,425.00,13),(229,'vzswzh','Lamb Quarters',241.00,838.00,3),(230,'wdckgm','Fenofibrate',212.00,611.00,8),(231,'auiigd','CRESTOR',155.00,714.00,2),(232,'wodkdn','Good Sense Pain and Fever',299.00,448.00,7),(233,'uhrpdc','Prednisone',160.00,552.00,13),(234,'jddtwx','Keppra',319.00,1037.00,10),(235,'yyxoqv','Celeragesic',408.00,1224.00,9),(236,'pjnais','House Dust Mite, Dermatophagoides farinae',337.00,806.00,14),(237,'miavlt','Fludrocortisone Acetate',221.00,942.00,13),(238,'mzqgzm','Allergy and Sinus Headache',382.00,534.00,4),(239,'qwuoih','Spatherapy',327.00,652.00,14),(240,'gbtjrb','Pranactin-Citric',257.00,772.00,12),(241,'bukuwa','Nigrospora sphaerica',363.00,481.00,9),(242,'jyckgc','North Woods Germ Stuff',377.00,1031.00,13),(243,'hepjtw','Solves - aspirin',369.00,683.00,1),(244,'qvfguj','INDOMETHACIN',352.00,522.00,13),(245,'ittnog','Nortriptyline Hydrochloride',199.00,1184.00,6),(246,'jhtkto','Testred',298.00,1217.00,9),(247,'qqwnet','Good Sense Adult Tussin DM',268.00,442.00,3),(248,'vxuiou','Choline C 11',378.00,783.00,12),(249,'qejvpk','Clomipramine Hydrochloride',418.00,1186.00,1),(250,'addjwa','meijer',335.00,1176.00,5);
/*!40000 ALTER TABLE `produto` ENABLE KEYS */;
UNLOCK TABLES;

--
-- Table structure for table `rel_prod_cliente`
--

DROP TABLE IF EXISTS `rel_prod_cliente`;
/*!40101 SET @saved_cs_client     = @@character_set_client */;
/*!50503 SET character_set_client = utf8mb4 */;
CREATE TABLE `rel_prod_cliente` (
  `id_rel_prod_cliente` int NOT NULL,
  `cliente_id` int DEFAULT NULL,
  `produto_id` int DEFAULT NULL,
  PRIMARY KEY (`id_rel_prod_cliente`),
  KEY `FK__rel_prod___clien__47DBAE45` (`cliente_id`),
  KEY `FK__rel_prod___produ__48CFD27E` (`produto_id`),
  CONSTRAINT `FK__rel_prod___clien__47DBAE45` FOREIGN KEY (`cliente_id`) REFERENCES `cliente` (`id`),
  CONSTRAINT `FK__rel_prod___produ__48CFD27E` FOREIGN KEY (`produto_id`) REFERENCES `produto` (`id`)
) ENGINE=InnoDB DEFAULT CHARSET=utf8mb4 COLLATE=utf8mb4_0900_ai_ci;
/*!40101 SET character_set_client = @saved_cs_client */;

--
-- Dumping data for table `rel_prod_cliente`
--

LOCK TABLES `rel_prod_cliente` WRITE;
/*!40000 ALTER TABLE `rel_prod_cliente` DISABLE KEYS */;
INSERT INTO `rel_prod_cliente` VALUES (1,15,140),(2,61,117),(3,193,180),(4,114,143),(5,89,216),(6,58,219),(7,157,19),(8,185,181),(9,176,115),(10,43,151),(11,61,129),(12,198,225),(13,24,160),(14,91,113),(15,200,115),(16,43,175),(17,21,114),(18,159,34),(19,150,21),(20,53,55),(21,87,206),(22,140,79),(23,113,101),(24,179,154),(25,50,164),(26,21,171),(27,134,82),(28,80,130),(29,71,224),(30,106,216),(31,196,10),(32,168,88),(33,167,1),(34,123,57),(35,168,172),(36,29,204),(37,82,185),(38,159,111),(39,19,249),(40,83,108),(41,50,14),(42,86,14),(43,175,158),(44,20,143),(45,57,90),(46,189,228),(47,155,161),(48,82,154),(49,121,40),(50,32,213),(51,37,76),(52,33,219),(53,19,194),(54,15,96),(55,118,13),(56,2,52),(57,3,62),(58,33,208),(59,38,177),(60,184,241),(61,79,242),(62,194,24),(63,12,163),(64,160,101),(65,94,198),(66,114,99),(67,141,100),(68,78,233),(69,12,205),(70,11,232),(71,35,131),(72,81,112),(73,142,147),(74,135,230),(75,88,186),(76,112,73),(77,142,226),(78,171,245),(79,193,14),(80,35,129),(81,169,114),(82,16,164),(83,194,121),(84,136,249),(85,112,220),(86,126,165),(87,121,120),(88,115,62),(89,37,243),(90,164,3),(91,155,229),(92,57,210),(93,197,12),(94,7,24),(95,98,34),(96,67,126),(97,191,18),(98,94,65),(99,114,228),(100,64,63),(101,13,146),(102,67,96),(103,68,52),(104,152,218),(105,179,85),(106,65,38),(107,183,92),(108,12,53),(109,62,220),(110,148,125),(111,200,21),(112,165,113),(113,199,220),(114,137,196),(115,84,197),(116,105,50),(117,75,233),(118,70,32),(119,120,115),(120,95,179),(121,51,50),(122,80,155),(123,20,57),(124,168,124),(125,72,71),(126,144,235),(127,61,221),(128,21,30),(129,142,235),(130,75,186),(131,163,108),(132,24,56),(133,189,44),(134,112,219),(135,81,197),(136,36,9),(137,114,79),(138,164,139),(139,113,97),(140,52,178),(141,199,173),(142,93,188),(143,115,223),(144,53,169),(145,138,186),(146,134,20),(147,154,69),(148,106,234),(149,52,223),(150,164,128),(151,40,118),(152,156,12),(153,26,108),(154,120,190),(155,33,114),(156,170,147),(157,198,144),(158,132,151),(159,53,87),(160,186,166),(161,110,59),(162,195,207),(163,101,247),(164,196,104),(165,110,55),(166,92,187),(167,107,42),(168,153,182),(169,129,117),(170,108,92),(171,37,188),(172,165,54),(173,166,217),(174,149,101),(175,112,12),(176,104,150),(177,47,20),(178,48,196),(179,21,202),(180,190,176),(181,17,6),(182,178,247),(183,120,238),(184,62,239),(185,49,44),(186,27,78),(187,17,245),(188,44,231),(189,76,249),(190,47,44),(191,140,241),(192,160,39),(193,19,199),(194,55,158),(195,70,143),(196,113,232),(197,170,175),(198,185,64),(199,169,240),(200,100,108),(201,117,8),(202,21,147),(203,178,155),(204,200,199),(205,142,29),(206,115,206),(207,121,47),(208,190,206),(209,150,190),(210,78,214),(211,21,244),(212,69,80),(213,120,210),(214,123,194),(215,48,234),(216,56,218),(217,39,178),(218,55,132),(219,154,72),(220,46,6),(221,96,124),(222,187,31),(223,26,233),(224,120,147),(225,167,3),(226,134,182),(227,127,123),(228,42,86),(229,100,138),(230,90,81),(231,72,175),(232,164,174),(233,70,191),(234,4,191),(235,87,150),(236,84,31),(237,145,23),(238,3,20),(239,10,241),(240,106,216),(241,165,16),(242,18,105),(243,73,99),(244,63,246),(245,165,12),(246,197,3),(247,169,141),(248,174,204),(249,69,128),(250,166,146),(251,102,51),(252,71,222),(253,57,9),(254,102,54),(255,136,53),(256,43,189),(257,196,228),(258,77,159),(259,97,188),(260,113,37),(261,56,161),(262,200,131),(263,67,64),(264,65,33),(265,137,235),(266,17,232),(267,71,87),(268,198,111),(269,174,50),(270,96,215),(271,74,154),(272,84,230),(273,77,50),(274,25,178),(275,10,94),(276,179,36),(277,14,14),(278,71,154),(279,51,46),(280,157,137),(281,158,34),(282,188,54),(283,171,154),(284,66,70),(285,86,48),(286,13,191),(287,8,173),(288,193,159),(289,88,188),(290,49,85),(291,56,229),(292,71,206),(293,27,82),(294,126,171),(295,10,120),(296,25,31),(297,85,139),(298,63,89),(299,181,34),(300,188,71),(301,30,55),(302,29,37),(303,24,19),(304,7,76),(305,70,72),(306,132,124),(307,125,105),(308,68,92),(309,146,149),(310,89,62),(311,143,140),(312,157,128),(313,194,102),(314,31,184),(315,170,76),(316,128,226),(317,154,93),(318,19,239),(319,176,1),(320,38,149),(321,66,79),(322,21,154),(323,130,196),(324,10,189),(325,200,130),(326,59,212),(327,144,17),(328,44,148),(329,32,160),(330,130,171),(331,173,49),(332,138,9),(333,125,149),(334,55,239),(335,68,206),(336,198,114),(337,153,100),(338,117,105),(339,58,10),(340,18,245),(341,75,206),(342,51,140),(343,109,200),(344,41,167),(345,31,216),(346,197,6),(347,31,62),(348,134,150),(349,134,28),(350,24,25),(351,91,15),(352,160,31),(353,92,219),(354,72,221),(355,196,114),(356,197,215),(357,192,58),(358,151,223),(359,132,23),(360,132,118),(361,83,188),(362,161,163),(363,8,74),(364,3,170),(365,28,212),(366,195,138),(367,77,10),(368,197,209),(369,68,106),(370,84,124),(371,59,113),(372,27,96),(373,92,219),(374,170,14),(375,100,101),(376,196,163),(377,71,50),(378,118,195),(379,107,124),(380,58,249),(381,172,204),(382,117,233),(383,91,204),(384,130,146),(385,192,219),(386,3,221),(387,71,61),(388,110,228),(389,92,212),(390,39,141),(391,151,144),(392,52,20),(393,171,51),(394,99,66),(395,31,107),(396,137,219),(397,29,110),(398,157,63),(399,118,123),(400,125,85),(401,17,15),(402,195,182),(403,49,195),(404,125,138),(405,144,90),(406,77,195),(407,46,77),(408,2,185),(409,95,204),(410,138,223),(411,66,230),(412,160,198),(413,151,141),(414,146,122),(415,65,31),(416,23,246),(417,117,26),(418,25,180),(419,60,172),(420,195,146),(421,121,96),(422,154,183),(423,15,120),(424,111,214),(425,192,197),(426,137,118),(427,69,174),(428,4,47),(429,150,67),(430,57,154),(431,198,6),(432,4,44),(433,123,151),(434,136,111),(435,153,49),(436,8,22),(437,41,76),(438,195,242),(439,139,24),(440,21,77),(441,124,55),(442,166,165),(443,40,155),(444,137,190),(445,162,6),(446,48,215),(447,150,65),(448,27,130),(449,145,233),(450,2,93),(451,120,226),(452,77,49),(453,75,66),(454,176,95),(455,68,17),(456,39,79),(457,148,225),(458,66,82),(459,30,223),(460,162,105),(461,142,238),(462,18,159),(463,51,75),(464,77,151),(465,184,209),(466,113,165),(467,35,131),(468,4,166),(469,88,151),(470,147,216),(471,149,194),(472,33,3),(473,180,52),(474,98,244),(475,63,21),(476,134,237),(477,94,114),(478,139,34),(479,185,145),(480,169,195),(481,44,27),(482,110,112),(483,32,133),(484,6,80),(485,21,178),(486,188,77),(487,174,2),(488,46,109),(489,58,6),(490,180,45),(491,38,2),(492,77,57),(493,18,151),(494,79,28),(495,75,235),(496,32,9),(497,179,48),(498,121,127),(499,32,73),(500,117,166),(501,65,239),(502,4,189),(503,139,10),(504,19,157),(505,107,30),(506,130,14),(507,178,193),(508,60,108),(509,137,38),(510,29,191),(511,27,170),(512,189,79),(513,123,43),(514,116,19),(515,136,17),(516,187,226),(517,160,93),(518,53,146),(519,183,197),(520,36,204),(521,34,131),(522,7,9),(523,73,200),(524,38,38),(525,102,195),(526,149,147),(527,144,70),(528,119,90),(529,22,17),(530,130,134),(531,56,159),(532,178,143),(533,104,156),(534,121,10),(535,197,76),(536,180,124),(537,183,173),(538,122,162),(539,129,96),(540,154,33),(541,190,59),(542,107,12),(543,20,231),(544,151,143),(545,158,28),(546,153,182),(547,82,63),(548,11,62),(549,174,223),(550,156,194),(551,32,93),(552,161,109),(553,126,71),(554,46,181),(555,146,189),(556,190,44),(557,24,47),(558,6,20),(559,21,146),(560,138,45),(561,85,72),(562,80,49),(563,45,63),(564,170,200),(565,167,116),(566,174,42),(567,96,63),(568,76,206),(569,19,145),(570,38,157),(571,179,87),(572,25,86),(573,161,3),(574,29,216),(575,30,206),(576,173,18),(577,11,24),(578,47,109),(579,119,192),(580,68,154),(581,132,32),(582,152,33),(583,136,174),(584,24,187),(585,4,7),(586,160,35),(587,157,20),(588,179,215),(589,111,240),(590,49,63),(591,198,51),(592,82,13),(593,148,17),(594,103,11),(595,25,165),(596,61,213),(597,172,217),(598,128,90),(599,105,202),(600,194,177),(601,7,23),(602,184,125),(603,67,222),(604,38,88),(605,149,6),(606,29,237),(607,37,55),(608,77,154),(609,124,173),(610,152,209),(611,48,36),(612,74,244),(613,80,35),(614,125,68),(615,138,102),(616,15,175),(617,82,20),(618,35,176),(619,93,157),(620,176,48),(621,74,101),(622,141,191),(623,200,239),(624,20,207),(625,71,166),(626,68,33),(627,3,218),(628,38,6),(629,35,189),(630,188,208),(631,130,118),(632,134,40),(633,35,114),(634,104,174),(635,14,65),(636,104,188),(637,165,231),(638,160,72),(639,127,75),(640,177,175),(641,157,205),(642,25,160),(643,150,100),(644,197,97),(645,124,198),(646,61,14),(647,136,76),(648,185,146),(649,39,178),(650,92,144),(651,102,242),(652,123,243),(653,97,141),(654,156,32),(655,17,40),(656,200,221),(657,44,169),(658,171,212),(659,35,192),(660,83,145),(661,70,35),(662,54,246),(663,56,37),(664,161,43),(665,199,133),(666,124,250),(667,150,78),(668,22,95),(669,61,142),(670,153,72),(671,30,128),(672,170,225),(673,70,46),(674,60,159),(675,39,62),(676,174,31),(677,22,43),(678,17,81),(679,25,226),(680,108,33),(681,189,234),(682,35,36),(683,67,46),(684,98,215),(685,158,178),(686,93,139),(687,46,115),(688,150,169),(689,33,139),(690,102,239),(691,49,63),(692,28,197),(693,109,132),(694,152,195),(695,172,24),(696,112,73),(697,76,190),(698,43,7),(699,134,52),(700,132,212),(701,121,39),(702,82,89),(703,38,204),(704,157,47),(705,159,202),(706,70,244),(707,143,211),(708,191,180),(709,178,148),(710,161,38),(711,58,122),(712,72,99),(713,174,242),(714,21,114),(715,49,203),(716,198,232),(717,153,131),(718,181,208),(719,116,16),(720,192,132),(721,76,155),(722,180,120),(723,80,181),(724,192,91),(725,80,90),(726,121,103),(727,37,199),(728,48,65),(729,101,234),(730,139,77),(731,157,162),(732,109,98),(733,65,192),(734,72,247),(735,61,55),(736,135,110),(737,126,57),(738,75,193),(739,4,80),(740,26,225),(741,110,20),(742,34,88),(743,46,66),(744,138,237),(745,159,76),(746,112,136),(747,107,125),(748,42,22),(749,56,4),(750,50,29);
/*!40000 ALTER TABLE `rel_prod_cliente` ENABLE KEYS */;
UNLOCK TABLES;

--
-- Table structure for table `rel_prod_forn`
--

DROP TABLE IF EXISTS `rel_prod_forn`;
/*!40101 SET @saved_cs_client     = @@character_set_client */;
/*!50503 SET character_set_client = utf8mb4 */;
CREATE TABLE `rel_prod_forn` (
  `id_rel_prod_forn` int NOT NULL,
  `fornecedor_id` int DEFAULT NULL,
  `produto_id` int DEFAULT NULL,
  PRIMARY KEY (`id_rel_prod_forn`),
  KEY `FK__rel_prod___forne__4BAC3F29` (`fornecedor_id`),
  KEY `FK__rel_prod___produ__4CA06362` (`produto_id`),
  CONSTRAINT `FK__rel_prod___forne__4BAC3F29` FOREIGN KEY (`fornecedor_id`) REFERENCES `fornecedor` (`id`),
  CONSTRAINT `FK__rel_prod___produ__4CA06362` FOREIGN KEY (`produto_id`) REFERENCES `produto` (`id`)
) ENGINE=InnoDB DEFAULT CHARSET=utf8mb4 COLLATE=utf8mb4_0900_ai_ci;
/*!40101 SET character_set_client = @saved_cs_client */;

--
-- Dumping data for table `rel_prod_forn`
--

LOCK TABLES `rel_prod_forn` WRITE;
/*!40000 ALTER TABLE `rel_prod_forn` DISABLE KEYS */;
INSERT INTO `rel_prod_forn` VALUES (1,18,225),(2,2,23),(3,9,185),(4,12,96),(5,14,32),(6,18,44),(7,3,220),(8,4,116),(9,4,40),(10,16,97),(11,3,223),(12,6,16),(13,1,90),(14,19,18),(15,6,61),(16,5,151),(17,10,156),(18,12,89),(19,20,62),(20,19,142),(21,1,190),(22,5,11),(23,4,248),(24,19,173),(25,4,203),(26,16,142),(27,10,190),(28,3,101),(29,11,43),(30,4,32),(31,5,20),(32,4,225),(33,18,123),(34,6,187),(35,2,158),(36,5,84),(37,4,79),(38,19,149),(39,10,33),(40,16,66),(41,15,56),(42,11,207),(43,2,5),(44,8,35),(45,15,72),(46,18,238),(47,20,59),(48,18,152),(49,11,107),(50,14,201),(51,3,183),(52,17,146),(53,14,104),(54,12,113),(55,16,234),(56,1,247),(57,15,60),(58,15,42),(59,19,27),(60,14,93),(61,4,61),(62,2,19),(63,13,233),(64,18,240),(65,15,223),(66,5,233),(67,1,33),(68,18,19),(69,11,205),(70,4,18),(71,15,241),(72,4,23),(73,6,133),(74,13,181),(75,10,105),(76,16,18),(77,12,183),(78,15,50),(79,14,119),(80,20,3),(81,8,174),(82,16,12),(83,7,228),(84,1,55),(85,1,106),(86,13,219),(87,12,86),(88,8,197),(89,12,124),(90,17,207),(91,11,36),(92,16,31),(93,15,145),(94,8,147),(95,20,169),(96,11,222),(97,20,11),(98,12,39),(99,3,235),(100,13,72),(101,5,72),(102,3,87),(103,5,158),(104,17,50),(105,5,111),(106,17,25),(107,16,57),(108,14,203),(109,3,138),(110,9,114),(111,9,93),(112,19,32),(113,15,165),(114,18,162),(115,19,98),(116,5,191),(117,13,22),(118,20,46),(119,11,83),(120,1,10),(121,4,62),(122,15,219),(123,5,202),(124,19,184),(125,12,96),(126,9,112),(127,4,211),(128,20,215),(129,12,221),(130,13,111),(131,7,48),(132,10,173),(133,3,112),(134,4,64),(135,9,26),(136,11,153),(137,4,119),(138,3,108),(139,6,241),(140,5,211),(141,11,34),(142,2,103),(143,2,167),(144,6,170),(145,16,216),(146,18,92),(147,3,145),(148,18,181),(149,10,61),(150,4,241),(151,14,171),(152,20,145),(153,8,123),(154,11,229),(155,3,63),(156,8,76),(157,17,168),(158,19,112),(159,12,94),(160,5,106),(161,15,65),(162,10,25),(163,20,77),(164,13,177),(165,17,48),(166,1,210),(167,15,111),(168,15,63),(169,20,139),(170,3,154),(171,6,222),(172,5,151),(173,15,22),(174,17,93),(175,9,156),(176,4,49),(177,7,196),(178,17,51),(179,18,24),(180,5,71),(181,14,152),(182,7,144),(183,17,26),(184,15,240),(185,15,49),(186,18,190),(187,6,150),(188,14,224),(189,2,135),(190,1,20),(191,10,40),(192,7,97),(193,3,16),(194,19,41),(195,10,105),(196,13,79),(197,7,115),(198,14,142),(199,14,49),(200,6,46),(201,7,108),(202,19,142),(203,1,233),(204,18,156),(205,5,73),(206,1,99),(207,5,224),(208,18,195),(209,1,75),(210,13,125),(211,6,39),(212,16,65),(213,3,84),(214,14,98),(215,17,90),(216,7,208),(217,1,121),(218,8,204),(219,20,40),(220,8,160),(221,7,125),(222,12,239),(223,9,26),(224,18,70),(225,6,103),(226,3,223),(227,3,120),(228,9,171),(229,14,136),(230,1,37),(231,17,11),(232,16,2),(233,11,168),(234,3,108),(235,17,241),(236,6,61),(237,14,4),(238,10,127),(239,15,247),(240,1,146),(241,9,82),(242,15,246),(243,8,235),(244,10,114),(245,11,28),(246,11,198),(247,12,225),(248,19,159),(249,7,86),(250,3,155),(251,11,141),(252,6,28),(253,17,154),(254,2,17),(255,3,168),(256,12,125),(257,7,134),(258,9,240),(259,20,68),(260,17,72),(261,5,29),(262,20,169),(263,2,94),(264,12,183),(265,11,133),(266,2,249),(267,6,19),(268,10,126),(269,9,66),(270,13,84),(271,1,184),(272,7,22),(273,4,149),(274,6,63),(275,14,84),(276,13,207),(277,6,78),(278,18,91),(279,18,156),(280,19,85),(281,20,32),(282,12,50),(283,17,217),(284,20,205),(285,14,201),(286,4,34),(287,11,54),(288,20,83),(289,8,91),(290,14,37),(291,10,220),(292,18,198),(293,10,75),(294,2,35),(295,3,36),(296,3,180),(297,2,182),(298,10,148),(299,11,241),(300,13,188),(301,13,247),(302,18,134),(303,20,208),(304,19,30),(305,7,121),(306,2,17),(307,14,122),(308,4,176),(309,20,180),(310,17,80),(311,4,250),(312,16,188),(313,12,195),(314,8,1),(315,11,173),(316,16,18),(317,18,238),(318,4,74),(319,6,213),(320,20,226),(321,16,116),(322,20,78),(323,13,50),(324,2,226),(325,13,85),(326,3,76),(327,1,52),(328,1,68),(329,13,135),(330,8,23),(331,10,107),(332,5,69),(333,3,207),(334,5,220),(335,2,231),(336,16,95),(337,4,94),(338,3,134),(339,17,144),(340,17,240),(341,2,48),(342,14,67),(343,10,4),(344,1,21),(345,3,138),(346,5,207),(347,9,171),(348,6,122),(349,18,53),(350,1,128),(351,4,175),(352,5,208),(353,13,239),(354,10,60),(355,15,193),(356,8,125),(357,17,247),(358,17,219),(359,7,118),(360,3,144),(361,14,93),(362,3,77),(363,17,97),(364,4,40),(365,17,165),(366,16,121),(367,14,225),(368,14,3),(369,15,22),(370,7,50),(371,4,144),(372,10,181),(373,2,28),(374,2,185),(375,14,15),(376,9,79),(377,8,162),(378,8,200),(379,10,143),(380,12,149),(381,9,157),(382,16,23),(383,9,115),(384,13,247),(385,1,177),(386,9,165),(387,12,54),(388,2,184),(389,2,157),(390,4,216),(391,5,143),(392,6,45),(393,9,221),(394,4,190),(395,3,207),(396,14,215),(397,13,227),(398,1,211),(399,18,115),(400,16,85),(401,7,133),(402,9,111),(403,15,117),(404,12,188),(405,8,145),(406,16,65),(407,10,189),(408,13,158),(409,20,61),(410,14,133),(411,14,61),(412,9,218),(413,20,215),(414,11,126),(415,16,116),(416,1,116),(417,20,63),(418,5,111),(419,4,25),(420,19,138),(421,17,168),(422,19,86),(423,11,211),(424,2,49),(425,16,157),(426,8,116),(427,9,139),(428,10,157),(429,11,171),(430,6,24),(431,5,136),(432,12,197),(433,7,75),(434,10,144),(435,6,184),(436,11,96),(437,11,127),(438,1,228),(439,9,179),(440,6,21),(441,16,147),(442,2,23),(443,2,189),(444,17,78),(445,9,25),(446,6,148),(447,15,93),(448,3,154),(449,2,14),(450,6,47),(451,15,32),(452,1,41),(453,17,172),(454,19,117),(455,5,58),(456,12,89),(457,17,67),(458,8,159),(459,5,218),(460,8,21),(461,16,19),(462,4,224),(463,7,128),(464,1,213),(465,6,105),(466,11,21),(467,1,7),(468,13,45),(469,15,218),(470,4,141),(471,8,225),(472,3,121),(473,13,209),(474,2,111),(475,20,188),(476,2,1),(477,18,223),(478,8,105),(479,10,90),(480,17,142),(481,4,248),(482,18,39),(483,5,153),(484,17,211),(485,5,197),(486,8,204),(487,14,184),(488,13,156),(489,11,160),(490,14,18),(491,14,55),(492,2,51),(493,1,36),(494,15,94),(495,19,112),(496,16,47),(497,18,238),(498,2,240),(499,3,53),(500,1,104);
/*!40000 ALTER TABLE `rel_prod_forn` ENABLE KEYS */;
UNLOCK TABLES;

--
-- Table structure for table `telefone`
--

DROP TABLE IF EXISTS `telefone`;
/*!40101 SET @saved_cs_client     = @@character_set_client */;
/*!50503 SET character_set_client = utf8mb4 */;
CREATE TABLE `telefone` (
  `id` int NOT NULL,
  `tipo_telefone_id` int DEFAULT NULL,
  `numero` varchar(13) NOT NULL,
  `cliente_id` int DEFAULT NULL,
  PRIMARY KEY (`id`),
  KEY `FK__Telefone__tipo_t__440B1D61` (`tipo_telefone_id`),
  KEY `FK__Telefone__client__44FF419A` (`cliente_id`),
  CONSTRAINT `FK__Telefone__client__44FF419A` FOREIGN KEY (`cliente_id`) REFERENCES `cliente` (`id`),
  CONSTRAINT `FK__Telefone__tipo_t__440B1D61` FOREIGN KEY (`tipo_telefone_id`) REFERENCES `tipo_telefone` (`id`)
) ENGINE=InnoDB DEFAULT CHARSET=utf8mb4 COLLATE=utf8mb4_0900_ai_ci;
/*!40101 SET character_set_client = @saved_cs_client */;

--
-- Dumping data for table `telefone`
--

LOCK TABLES `telefone` WRITE;
/*!40000 ALTER TABLE `telefone` DISABLE KEYS */;
INSERT INTO `telefone` VALUES (1,1,'939979165076',20),(2,1,'065781130816',33),(3,1,'201969214172',58),(4,2,'604059610738',26),(5,1,'886964085685',49),(6,2,'292134891861',17),(7,1,'676516880775',67),(8,1,'923906283741',91),(9,1,'382738030721',36),(10,1,'161940373064',17),(11,1,'332074064851',34),(12,2,'368715028980',20),(13,2,'588822502436',81),(14,2,'944534894879',81),(15,2,'274484609153',82),(16,2,'693025345375',50),(17,2,'069628486261',97),(18,2,'152111984895',32),(19,1,'723660811891',54),(20,1,'218786828394',23),(21,1,'555649047414',32),(22,1,'818779827885',60),(23,2,'976029192644',19),(24,1,'799551759320',40),(25,1,'796733019601',12),(26,1,'497632551114',20),(27,2,'187355708772',83),(28,2,'814631736045',48),(29,2,'806426722726',71),(30,1,'159169378668',23),(31,1,'526676753387',3),(32,2,'463021188405',94),(33,2,'977439027654',24),(34,2,'385932695737',65),(35,2,'033557848683',49),(36,1,'899999208652',57),(37,1,'961129300948',55),(38,2,'506724002714',42),(39,1,'368840714303',61),(40,2,'727770069961',64),(41,2,'661811505509',17),(42,1,'215592515575',16),(43,2,'038421352239',86),(44,2,'379008522814',46),(45,2,'614719436547',72),(46,2,'921415268585',99),(47,2,'691592614250',99),(48,2,'038221704118',15),(49,1,'289893578825',90),(50,1,'362884802079',44),(51,2,'088632078624',90),(52,1,'242247592313',27),(53,2,'239442549941',32),(54,2,'232048079829',65),(55,1,'152553836878',48),(56,2,'129892831435',46),(57,2,'775702345583',55),(58,1,'520335114326',16),(59,2,'904319470358',52),(60,2,'851748293913',62),(61,2,'419363684118',6),(62,2,'510651806651',48),(63,1,'780353157110',32),(64,1,'448524757496',32),(65,2,'765520511154',84),(66,2,'718335254577',19),(67,2,'334841127438',33),(68,1,'505544612981',13),(69,1,'238062460117',78),(70,1,'786998390306',85),(71,2,'612578774227',61),(72,1,'690719817910',48),(73,2,'775871193182',89),(74,2,'430082549341',6),(75,2,'188630045544',4),(76,2,'793946882141',39),(77,2,'853400032618',42),(78,2,'172901442326',52),(79,2,'533246795348',79),(80,1,'483768236862',38),(81,1,'480511745175',16),(82,1,'119119496163',11),(83,1,'442028292749',29),(84,2,'244350713549',100),(85,2,'005898792674',18),(86,1,'537206351526',54),(87,1,'966099260460',28),(88,2,'114761151235',29),(89,2,'582518253212',92),(90,1,'562030326357',83),(91,1,'601272776219',26),(92,1,'066659115645',5),(93,1,'530841104919',80),(94,1,'757636320124',87),(95,1,'028265911271',20),(96,1,'529569439230',1),(97,2,'856879910227',20),(98,2,'658065719206',98),(99,1,'389033980993',29),(100,1,'062305059332',64),(101,2,'241758415108',39),(102,1,'025720590668',56),(103,2,'571752062698',100),(104,1,'190027905993',90),(105,1,'765860955000',87),(106,2,'099075113080',51),(107,2,'131849129447',3),(108,2,'465071802879',73),(109,1,'967794527741',78),(110,2,'977785030989',50),(111,1,'739118885061',55),(112,1,'779362222306',80),(113,2,'163058191532',85),(114,2,'844178401358',80),(115,1,'808073676700',83),(116,1,'512563057254',60),(117,1,'372007382682',70),(118,2,'395682409604',61),(119,2,'275622144391',1),(120,2,'469209785823',61),(121,2,'543539394575',69),(122,1,'657440443720',52),(123,1,'922744413510',17),(124,2,'458871803022',50),(125,2,'388065871029',45),(126,2,'932411748049',11),(127,1,'509135863484',34),(128,2,'922468237864',30),(129,1,'863645490660',53),(130,1,'444393873723',5),(131,1,'825887797462',24),(132,2,'659249106246',37),(133,2,'681017848609',74),(134,1,'921650740212',23),(135,2,'023201989383',7),(136,2,'900796313543',77),(137,1,'255412780342',44),(138,1,'555004158270',89),(139,2,'000895290479',21),(140,2,'660420871140',39),(141,1,'335462704945',40),(142,1,'788857177474',46),(143,2,'280114625494',72),(144,2,'118010802579',93),(145,1,'555323308277',50),(146,1,'164970847253',52),(147,2,'463626792070',29),(148,1,'850598038878',12),(149,1,'306964417321',31),(150,1,'012926216166',33),(151,2,'732773633202',17),(152,2,'308489497266',10),(153,2,'702360657901',7),(154,1,'867510118852',6),(155,2,'423223152530',68),(156,2,'165160967468',16),(157,1,'367419086740',54),(158,2,'763963512695',19),(159,1,'366061530599',47),(160,1,'974852154139',68),(161,2,'888800430593',50),(162,2,'260879360737',70),(163,2,'659534696866',89),(164,2,'956741852051',69),(165,1,'246156027146',29),(166,2,'277618069246',69),(167,1,'054394285950',2),(168,1,'413123372126',63),(169,1,'071521903294',93),(170,2,'554292868562',86),(171,2,'771221625994',96),(172,2,'438134281021',32),(173,1,'673195723712',97),(174,1,'576172404264',90),(175,1,'126906966267',59),(176,1,'017685593844',60),(177,2,'529400964271',77),(178,2,'040691733978',90),(179,2,'078477128931',87),(180,1,'962635563683',95),(181,2,'263075417571',89),(182,1,'992380034093',57),(183,2,'922667356259',19),(184,2,'177439221920',27),(185,1,'883670252904',13),(186,2,'592686480750',57),(187,1,'759496720147',60),(188,1,'463438264584',24),(189,2,'854939430835',62),(190,2,'258850983125',26),(191,1,'304918100829',49),(192,1,'428723006006',94),(193,1,'054852922960',32),(194,1,'363651523500',86),(195,1,'280610944694',62),(196,1,'687169941343',94),(197,2,'938111843754',6),(198,2,'629835064749',32),(199,2,'989134434758',69),(200,1,'369141669917',49);
/*!40000 ALTER TABLE `telefone` ENABLE KEYS */;
UNLOCK TABLES;

--
-- Table structure for table `tipo_produto`
--

DROP TABLE IF EXISTS `tipo_produto`;
/*!40101 SET @saved_cs_client     = @@character_set_client */;
/*!50503 SET character_set_client = utf8mb4 */;
CREATE TABLE `tipo_produto` (
  `id` int NOT NULL,
  `departamento_prod` varchar(100) NOT NULL,
  PRIMARY KEY (`id`)
) ENGINE=InnoDB DEFAULT CHARSET=utf8mb4 COLLATE=utf8mb4_0900_ai_ci;
/*!40101 SET character_set_client = @saved_cs_client */;

--
-- Dumping data for table `tipo_produto`
--

LOCK TABLES `tipo_produto` WRITE;
/*!40000 ALTER TABLE `tipo_produto` DISABLE KEYS */;
INSERT INTO `tipo_produto` VALUES (1,'Amortecedor'),(2,'Bateria'),(3,'Câmbio'),(4,'Capô'),(5,'Distribuidor'),(6,'Farol'),(7,'Freio'),(8,'Iluminação'),(9,'Motor'),(10,'Painel'),(11,'Para-brisa'),(12,'Roda'),(13,'Pneu'),(14,'Volante');
/*!40000 ALTER TABLE `tipo_produto` ENABLE KEYS */;
UNLOCK TABLES;

--
-- Table structure for table `tipo_telefone`
--

DROP TABLE IF EXISTS `tipo_telefone`;
/*!40101 SET @saved_cs_client     = @@character_set_client */;
/*!50503 SET character_set_client = utf8mb4 */;
CREATE TABLE `tipo_telefone` (
  `id` int NOT NULL,
  `tipo` varchar(50) NOT NULL,
  PRIMARY KEY (`id`)
) ENGINE=InnoDB DEFAULT CHARSET=utf8mb4 COLLATE=utf8mb4_0900_ai_ci;
/*!40101 SET character_set_client = @saved_cs_client */;

--
-- Dumping data for table `tipo_telefone`
--

LOCK TABLES `tipo_telefone` WRITE;
/*!40000 ALTER TABLE `tipo_telefone` DISABLE KEYS */;
INSERT INTO `tipo_telefone` VALUES (1,'celular'),(2,'fixo');
/*!40000 ALTER TABLE `tipo_telefone` ENABLE KEYS */;
UNLOCK TABLES;
/*!40103 SET TIME_ZONE=@OLD_TIME_ZONE */;

/*!40101 SET SQL_MODE=@OLD_SQL_MODE */;
/*!40014 SET FOREIGN_KEY_CHECKS=@OLD_FOREIGN_KEY_CHECKS */;
/*!40014 SET UNIQUE_CHECKS=@OLD_UNIQUE_CHECKS */;
/*!40101 SET CHARACTER_SET_CLIENT=@OLD_CHARACTER_SET_CLIENT */;
/*!40101 SET CHARACTER_SET_RESULTS=@OLD_CHARACTER_SET_RESULTS */;
/*!40101 SET COLLATION_CONNECTION=@OLD_COLLATION_CONNECTION */;
/*!40111 SET SQL_NOTES=@OLD_SQL_NOTES */;

-- Dump completed on 2021-09-17 15:28:27
